period_end,theoretical_cost,actual_cost,logged_waste_cost,unexplained_cost,variance_pct
2024-10-14,5347.957029466185,6154.1410135,463.8572939,342.3266901338145,0.15074615962542331
2024-10-21,5272.584742814957,6117.692087,446.9017819,398.20556228504313,0.16028331177354438
2024-10-28,4762.519133021989,5660.234533,345.2410665,552.4743334780112,0.1884959146417914
2024-11-04,4868.841473790182,5642.841582999999,299.11461144285715,474.88549776696004,0.15897007807224658
2024-11-11,5094.334157445601,6001.455518,464.1214083,442.99995225439926,0.17806475439554742
2024-11-18,4562.462028230892,5356.222474,362.7254372,431.03500856910784,0.17397634015529342
2024-11-25,4843.486282242273,5654.4845955,471.1742624,339.8240508577273,0.16744102615322753
2024-12-02,5098.917021542021,5915.452324571428,338.6410220142857,477.8942810151217,0.16013896668247204
2024-12-09,5341.062359957183,6011.2855455,362.7916848,307.4315007428174,0.12548499537612404
2024-12-16,5027.450322746187,5882.2552095,389.6386367,465.1662500538128,0.17002751531652835
2024-12-23,5335.125202473786,6069.1065885,291.1314155,442.8499705262137,0.13757528795873095
2024-12-30,4841.565989245546,5598.788953,354.4343821,402.7885816544543,0.15640042197843743
2025-01-06,4079.9280546083246,4743.142010857143,371.7985681,291.4153881488182,0.16255530670441862
2025-01-13,4155.310453757563,4988.735547,436.5028227,396.92227054243716,0.20056867050421903
2025-01-20,4160.017677636591,5012.2896915,426.7044942,425.5675196634092,0.2048722096651297
2025-01-27,4678.552245159465,5396.6382189999995,260.61370530000005,457.47226854053474,0.15348465427173164
2025-02-03,4637.043478733704,5274.340924142857,278.4894972428571,358.8079481662953,0.13743615912421583
2025-02-10,4803.861657628418,5572.233692071429,369.5187366857143,398.8532977572965,0.159948826424436
2025-02-17,4790.762337760166,5421.146470857143,280.7043487857143,349.67978431126255,0.131583261421334
2025-02-24,4415.76535343368,5235.4922835,437.9393587,381.78757136632015,0.18563643320152964
2025-03-03,4359.648623982637,5215.171595142857,529.9571664,325.56580476022015,0.1962366798218431
2025-03-10,4953.2469887514535,5678.1463385,389.4424001,335.45694964854647,0.1463483148316149
2025-03-17,5033.199456794007,5809.281144,436.2396926,339.84199460599245,0.15419251588736607
2025-03-24,5231.905942193461,5982.598201142857,376.8450008,373.84725814939634,0.14348351580546012
2025-03-31,4603.790938968099,5452.884562,442.52772239999996,406.5659006319013,0.18443357534871432
2025-04-07,5185.572896612269,5967.860798357143,309.3941827,472.8937190448745,0.15085852948975845
2025-04-14,5187.6033328554095,5869.682609857143,234.10862897142857,447.9706480303044,0.13148254275376464
2025-04-21,4703.754485904094,5570.366062,527.1320307285714,339.47954536733545,0.18423826725925255
2025-04-28,4837.5336480629,5652.223356714286,436.3676704714286,378.3220381799571,0.1684101378762735
2025-05-05,5599.61769043606,6319.297533714285,374.8596116,344.82023167822615,0.12852303193973613
2025-05-12,5603.096046026769,6503.767970928571,444.1447246714286,456.5272002303742,0.1607454017391833
2025-05-19,5598.8070202629715,6392.541743,335.7008444,458.03387833702874,0.14176854459608562
2025-05-26,5531.925083272598,6436.785095071428,443.38142835714285,461.47858344168725,0.1635705469936569
2025-06-02,5315.822193603208,6409.094077857143,457.2724156857143,635.9994685682208,0.20566374202085305
2025-06-09,5888.501822787967,6807.4574245,516.5379494428571,402.417652269176,0.15605932194089817
2025-06-16,5562.198576000536,6500.608321285714,412.02287099999995,526.3868742851777,0.16871201782226464
2025-06-23,5646.978826122281,6731.045528714286,395.3546853714286,688.7120172205762,0.19197286477810677
2025-06-30,5537.882114640125,6465.509657428572,472.73168621428573,454.8958565741603,0.16750583049359977
2025-07-07,5234.550178307962,6178.9317625,365.7888044,578.5927797920381,0.18041313045494667
2025-07-14,5158.191136579747,6114.1757415,480.4544796,475.5301253202537,0.18533330378954127
2025-07-21,5436.970037984218,6421.1868245,499.7789441,484.4378424157821,0.18102302930488184
2025-07-28,5268.292783926436,6000.2769275,427.0838804,304.90026317356416,0.13894143199611994
2025-08-04,4129.2235577134115,5001.778224571429,305.0589783,567.4956885580174,0.21131204321163008
2025-08-11,3893.3475671229085,4703.679454,439.9521831,370.3797037770918,0.20813242920305408
2025-08-18,3757.382910635478,4538.927977,426.8625538,354.68251256452186,0.20800250731761097
2025-08-25,3285.3040427309747,4177.7833439999995,549.0265724,343.4527288690253,0.2716580534589223
2025-09-01,3315.2074325904523,4040.110891214286,433.9984886,290.90497002383313,0.21866006075445032
2025-09-08,4889.05445320534,5399.393571,162.6153985,347.72371929465965,0.10438401181236044
2025-09-15,4774.217723287912,5469.10722,312.7649514,382.12454531208783,0.14555044134718068
2025-09-22,5149.149986329153,5839.6590265,290.2623606,400.24667957084677,0.13410155889887254
2025-09-29,5489.4299271415775,6086.452295,183.5473082,413.47505965842294,0.10875853700336792
2025-10-06,5923.90643904356,6720.320322571429,405.63909955714286,390.77478397072645,0.13444065866382143
2025-10-13,5776.338068763419,6670.735487,465.26214089999996,429.135277336581,0.15483813578592204
2025-10-20,5629.390938298202,6527.644926,348.217334,550.0366537017984,0.1595650395481941
2025-10-27,5449.670073543739,6460.499558,481.88726099999997,528.942223456261,0.18548452857054387
2025-11-03,5395.376542471764,6286.590662857143,468.01648605714286,423.1976343282357,0.16518107927590356
2025-11-10,5802.394033643074,6750.620999642857,526.9870192285714,421.23994677121107,0.16341995398827333
2025-11-17,5709.491877005718,6675.318498714286,454.0352593,511.7913624085668,0.16916157208285318
2025-11-24,5089.072402479809,5993.816596857143,406.8462649428571,497.8979294344767,0.17778174936879831
2025-12-01,5836.72661864786,6744.155377142857,445.91331782857145,461.5154406664256,0.15546877861228536
2025-12-08,6135.875450354638,6991.6143062857145,347.0968754142857,508.6419805167903,0.13946483478272315
2025-12-15,5845.9236003214955,6722.522271285715,358.61388975714283,517.9847812070761,0.1499504151775112
2025-12-22,6100.200436561638,6983.077708,413.01431579999996,469.8629556383622,0.14472922334597807
2025-12-29,5570.143382626798,6392.265082,360.2723678,461.84933157320245,0.14759435132987578
2026-01-05,4600.792266042077,5493.860430357143,544.4206005,348.64756381506555,0.19411182089369688
2026-01-12,5261.623200040519,6194.174566,487.0389153,445.5124506594811,0.17723644025902488
2026-01-19,5380.692297504268,6302.729653,534.5528879,387.4844675957324,0.17136035746244063
2026-01-26,5037.964311411585,5983.5225279999995,513.4342887,432.12392788841436,0.1876865650768135
2026-02-02,5428.379317330201,6352.6641885,604.0211955571428,320.2636756126569,0.17026902821971235
2026-02-09,4579.6592974509895,5458.71512,515.7172168,363.3386057490103,0.19194786455802237
2026-02-16,5001.265555439482,5755.885641,441.5558474,313.06423816051796,0.15088582623647662
2026-02-23,4779.0291100500535,5605.239891,404.0934351,422.1173458499466,0.17288255876334122
2026-03-02,5054.6855474578815,5839.7942622857145,312.9982887285714,472.11042609926096,0.15532295875906313
2026-03-09,5463.668185708131,6130.844513,332.82728000000003,334.34904729186854,0.12211142855217111
2026-03-16,5348.037689873702,6035.9541,353.18888880000003,334.7275213262981,0.12862968625461263
2026-03-23,5532.225747699002,6403.001082,345.64085950000003,525.1344748009985,0.15740054256881628
2026-03-30,5117.559952256403,5954.959725,353.01830179999996,484.3814709435969,0.16363262581308402
2026-04-06,5974.358354653203,6948.109793428572,423.61649262857145,550.1349461467975,0.16298845515635177
2026-04-13,5993.627774755562,6891.2160395,535.1546056000001,362.43365914443785,0.14975709177753269
2026-04-20,5358.964490512168,6276.496513,473.0883198,444.44370268783246,0.17121442474796877
2026-04-27,5471.600602162795,6427.544747,571.0829434,384.86120143720467,0.17471014687353864
2026-05-04,6090.1524614988675,7002.806983857143,464.8052556,447.84926675827506,0.14985741787713125
2026-05-11,6275.504681708322,7152.1613325,340.8243586,535.8322921916784,0.13969500386908065
2026-05-18,6287.3926790660125,7168.022444,417.2355212,463.3942437339873,0.1400627907122869
2026-05-25,6360.841168453195,7413.757713999999,519.4568419,533.4597036468055,0.16553102296733638
2026-06-01,5837.386662872551,6834.038457428572,454.3596032,542.2921913560201,0.17073595636468822
2026-06-08,6701.764442462389,7803.1903194999995,557.4206810000001,544.0051960376107,0.16434864079360578
2026-06-15,5830.025388968264,6909.711679,561.4676847000001,518.2186053317351,0.1851940974519164
2026-06-22,6872.058686842011,7857.844488,528.8398368000001,456.94596435798854,0.14344839677307772
2026-06-29,6051.025854680391,7135.740565,569.202799,515.5119113196089,0.17926129161728774
2026-07-06,6427.197130077877,7463.832439785715,337.0571560428572,699.5781536649804,0.161288861805189
2026-07-13,5723.861524486598,6712.9950309999995,404.9116836,584.2218229134023,0.17280877643211714
2026-07-20,5657.735785776207,6796.428003,615.7491779,522.9430393237932,0.20126288330510492
2026-07-27,5508.327393385372,6483.9916135,560.4139287,415.25029141462846,0.17712531417182045
2026-08-03,5264.028277979134,6160.0402175,319.74881434285714,576.263125178009,0.17021411972065728
2026-08-10,4293.649833081782,5205.499392,489.7218213,422.12773761821774,0.212371663821438
2026-08-17,3714.9434025045066,4758.2459149999995,638.305308,404.99720449549335,0.2808394097719305
2026-08-24,3670.868870789756,4582.592285000001,389.5025884,522.220825810244,0.248367197604118
2026-08-31,3905.777337710626,4688.9925965,494.65660719999994,288.55865158937394,0.20052737037192614
2026-09-07,5503.267660319668,6119.538288,326.3802403,289.8903873803321,0.11198267388007341
2026-09-14,5394.22798911104,6042.435001,305.1892659,343.01774598895986,0.1201667807140245
2026-09-21,5614.934131775451,6355.808635,334.7131577,406.16134552454884,0.13194714057852786
2026-09-28,5838.925249119019,6754.4891765,462.3515697,453.21235768098114,0.15680350206900182
