ingredient_id,theoretical_cost,actual_cost,logged_waste_cost,variance_cost,unexplained_cost,name,kind,variance_pct_of_theoretical
jamon,95439.10414722688,106855.8470805,1601.5095855142856,11416.74293327311,9815.233347758825,Jamon iberico,fresh,0.1196233245825667
gambas,15291.072807692308,25904.207242357144,7321.607835114286,10613.134434664837,3291.5265995505506,Gambas,fresh,0.6940738931885673
tartar,7111.255450375939,16634.25004964286,6518.521490128572,9522.994599266918,3004.4731091383464,Ternera para tartar,fresh,1.3391439339678737
calamar,14516.378838857143,22020.403052357142,5025.348648085715,7504.024213500001,2478.675565414286,Calamar,fresh,0.5169349943812009
aceite,36526.554562000005,39246.779047714284,274.15667754285715,2720.2244857142846,2446.0678081714273,Aceite de oliva,dry,0.07447251782527115
pulpo,18516.941040816328,23102.928614142857,2401.910358414286,4585.987573326528,2184.077214912242,Pulpo,fresh,0.24766442595554933
pan,8192.629836090226,13513.913242142857,3456.5067313142854,5321.283406052631,1864.776674738346,Pan (barra),fresh,0.6495207903341708
mejillones,8602.119200000001,13492.906322571429,3184.6992042142856,4890.787122571429,1706.0879183571428,Mejillones,fresh,0.568556074248707
boquerones,2727.4314122448977,7855.819152071429,3457.986903457143,5128.38773982653,1670.400836369388,Boquerones,fresh,1.8802994336731829
padron,7845.1755571428575,12099.433461642857,3003.8125131428574,4254.257904499999,1250.4453913571422,Pimiento de padron,fresh,0.5422769539716153
cerveza,24496.511276785717,25838.970817285714,98.9575836,1342.4595404999989,1243.501956899999,Cerveza de barril,drink,0.05480207060228162
carrillera,13600.021237499997,16530.797650428573,1701.3387029714286,2930.7764129285733,1229.437709957145,Carrillera de ternera,fresh,0.21549792913906646
bottle_w04,18693.519237142857,19800.504731428573,0.0,1106.985494285714,1106.985494285714,Rioja crianza (botella),wine,0.059217607997867135
bottle_w05,16991.152025714287,17913.60548,0.0,922.4534542857139,922.4534542857139,Ribera del Duero roble (botella),wine,0.05429022428200745
bottle_w02,15506.32794857143,16349.399914285714,13.3468105,843.071965714285,829.7251552142851,Albarino Rias Baixas (botella),wine,0.054369543099464485
bottle_w08,11868.009497142857,12625.297468571429,35.49736911428572,757.2879714285709,721.7906023142853,Cava brut nature (botella),wine,0.06380918144789847
bacalao,6846.529383116884,8728.640587,1204.4999509714287,1882.1112038831163,677.6112529116878,Bacalao,fresh,0.27490004038020865
bottle_w01,11713.12448857143,12382.1275,15.274728571428572,669.0030114285711,653.7282828571425,Verdejo Rueda (botella),wine,0.05711567499187101
bottle_w10,9625.631945714285,10260.771134285715,21.3423666,635.1391885714282,613.7968219714282,Jerez fino (botella),wine,0.06598415482260545
bottle_w07,9776.61744857143,10387.061177142858,27.3968234,610.4437285714284,583.0469051714284,Garnacha Gredos (botella),wine,0.06243915462403893
bottle_w06,9884.58822,10487.532354285715,21.179302314285714,602.944134285714,581.7648319714282,Mencia Bierzo (botella),wine,0.06099840690032447
huevos,14897.112085714285,15520.31732857143,45.47694285714286,623.2052428571428,577.7283,Huevos,fresh,0.041833963473683664
bottle_w03,8815.195274285714,9412.401628571428,30.732428671428572,597.206354285714,566.4739256142855,Godello Valdeorras (botella),wine,0.06774737662678777
aguacate,503.4016357142857,1992.9873714285716,972.5649456285714,1489.5857357142856,517.0207900857143,Aguacate,fresh,2.959040316984043
lechuga,612.4622292857142,2478.7259977857143,1379.9318233571428,1866.2637685000002,486.33194514285725,Lechuga y mezclum,fresh,3.047149161633258
lomo,4850.793592047128,5814.877738714285,540.2169855142857,964.0841466671574,423.8671611528717,Lomo adobado,fresh,0.19874771588875118
patata,10860.300602521009,11292.799448285714,12.777259457142858,432.4988457647054,419.7215863075625,Patata,fresh,0.03982383744187607
manchego,9005.51172401216,9375.298637,19.521311971428574,369.7869129878407,350.2656010164121,Queso manchego curado,fresh,0.04106228766565774
tomate,4022.608100931677,4739.007698071428,376.7713191857143,716.3995971397517,339.62827795403734,Tomate,fresh,0.17809331139511855
bottle_w09,4825.14562,5159.64096,40.352415,334.4953399999998,294.1429249999999,Rosado Navarra (botella),wine,0.06932336686659414
chorizo,6762.775371428571,7027.350408,9.416425742857143,264.5750365714289,255.15861082857174,Chorizo,fresh,0.039122257067595013
anchoas,7941.132419285715,8113.830817571428,18.215055985714287,172.69839828571364,154.48334229999938,Anchoas del Cantabrico,dry,0.02174732634684455
vermut,6029.780035714286,6189.464632571428,10.365408042857142,159.68459685714242,149.31918881428527,Vermut,drink,0.02648265706399458
refresco,5564.960142857143,5697.772114285714,5.6749857142857145,132.81197142857144,127.13698571428571,Refresco,drink,0.023865754294582164
berenjena,2785.066112012987,2965.0188229285714,54.71875181428571,179.95271091558422,125.23395910129851,Berenjena,fresh,0.06461344315647796
ginebra,5353.689511428572,5474.895157285714,3.0232997,121.20564585714251,118.18234615714252,Ginebra,drink,0.02263964796583808
leche,2825.5741664285715,2943.115281142857,4.442940514285715,117.54111471428573,113.09817420000002,Leche,fresh,0.04159901945269186
perejil,93.4407775,447.6758385714286,252.69776271428572,354.23506107142856,101.53729835714286,Perejil,fresh,3.7910114892978988
cabrales,2479.9047073684214,2573.8310135,1.5469560142857142,93.92630613157864,92.37935011729293,Queso cabrales,fresh,0.03787496586159135
mantequilla,4760.222618571429,4851.559412571429,4.420846985714286,91.33679399999991,86.91594701428562,Mantequilla,dry,0.019187504727963885
aceitunas,4660.644688,4749.211565357143,4.680804071428572,88.56687735714257,83.886073285714,Aceitunas,dry,0.019003138682762113
brie,2177.187468421053,2259.396790785714,0.5231330285714286,82.20932236466143,81.68618933609,Queso brie,fresh,0.037759413719334674
atun,3912.6285585714286,3986.258359785714,3.824862,73.62980121428565,69.80493921428565,Atun en lata,dry,0.01881850017502536
agua,2831.0045,2901.89562,2.1196,70.89112,68.77152000000001,Agua,drink,0.025040977504627776
tonica,2335.8881,2390.2642457142856,2.267585714285714,54.37614571428571,52.108560000000004,Tonica,drink,0.023278574737499502
limon,1163.7053201587303,1207.8932200714285,0.3715735,44.18789991269834,43.816326412698345,Limon,fresh,0.03797172630152716
nata,1085.4208114285714,1128.2803204285715,0.1310386,42.85950899999998,42.72847039999998,Nata,fresh,0.03948653697139881
cebolla,1035.476113809524,1074.1491030714285,0.1514951,38.672989261904746,38.52149416190475,Cebolla,fresh,0.03734802642585984
chocolate,1613.2358751428571,1640.6602084285714,0.0702764,27.42433328571435,27.35405688571435,Chocolate,dry,0.0169995805996354
cafe,1404.0259027714285,1430.8339560714287,0.28247500000000003,26.80805330000009,26.52557830000009,Cafe en grano,dry,0.019093702792151668
bottle_w20,2811.2332714285712,2833.1044428571427,0.0,21.87117142857143,21.87117142857143,Cava reserva (botella),wine,0.007779920524865323
ajo,553.9841295454545,575.2503896428572,0.0191912,21.26626009740258,21.24706889740258,Ajo,fresh,0.03838785077625167
harina,937.1932807142857,954.4070926428572,0.25412969999999996,17.213811928571424,16.959682228571424,Harina,dry,0.01836740860482039
pimenton,838.6021443571428,854.3306045714286,0.13144364285714286,15.728460214285692,15.597016571428549,Pimenton,dry,0.018755568799961563
miel,884.9732655714286,900.547315,0.1620204,15.574049428571406,15.412029028571407,Miel,dry,0.017598327581698436
bottle_w13,3238.4142428571427,3252.70911,0.0,14.294867142857138,14.294867142857138,Ribera crianza (botella),wine,0.0044141564577128535
piquillo,723.4612707142858,737.6257487142857,0.0,14.16447799999994,14.16447799999994,Pimiento del piquillo,dry,0.01957876471537323
bottle_w17,3098.479257142857,3109.925357142857,0.0,11.4461,11.4461,Rueda superior (botella),wine,0.00369410250967908
bottle_w15,2507.8353857142856,2518.864285714286,0.0,11.028900000000002,11.028900000000002,Toro (botella),wine,0.004397776689341487
bottle_w25,1334.156757142857,1343.5277571428571,0.0,9.371,9.371,Cabernet Penedes (botella),wine,0.007023912257558341
azucar,420.5110734285714,428.1351832857143,0.06194777142857143,7.624109857142845,7.562162085714274,Azucar,dry,0.01813058047432819
bottle_w26,1414.8497285714286,1420.1292285714285,0.0,5.2795,5.2795,Tempranillo joven (botella),wine,0.003731491686633535
vinagre,266.8380122857143,271.4308497142857,0.013023999999999999,4.592837428571429,4.579813428571429,Vinagre,dry,0.017212080802242267
bottle_w11,4062.388157142857,4065.983777142857,0.0,3.5956199999999874,3.5956199999999874,Rioja reserva (botella),wine,0.0008851000595986487
bottle_w16,2075.861,2078.4779514285715,0.0,2.6169514285714195,2.6169514285714195,Ribeiro blanco (botella),wine,0.0012606583141026397
bottle_w18,1940.8691571428571,1941.907997142857,0.0,1.0388399999999964,1.0388399999999964,Chardonnay Somontano (botella),wine,0.0005352447361929678
bottle_w30,1883.4168142857143,1883.4168142857143,0.0,0.0,0.0,Gran Reserva 2005 (botella),wine,0.0
bottle_w29,1340.1086857142857,1340.1086857142857,0.0,0.0,0.0,Blanco Gredos (botella),wine,0.0
bottle_w27,957.4624714285715,957.4624714285715,0.0,0.0,0.0,Bobal Utiel-Requena (botella),wine,0.0
bottle_w24,1197.9588571428571,1197.9588571428571,0.0,0.0,0.0,Amontillado (botella),wine,0.0
bottle_w23,1798.988957142857,1798.988957142857,0.0,0.0,0.0,Manzanilla (botella),wine,0.0
bottle_w22,2081.7558,2081.7558,0.0,0.0,0.0,Vino natural naranja (botella),wine,0.0
bottle_w21,2727.720557142857,2727.720557142857,0.0,0.0,0.0,Vino natural tinto (botella),wine,0.0
bottle_w19,3015.2928142857145,3015.2928142857145,0.0,0.0,0.0,Champagne (botella),wine,0.0
bottle_w14,2439.987857142857,2439.987857142857,0.0,0.0,0.0,Priorat (botella),wine,0.0
bottle_w12,2308.7381571428573,2308.7381571428573,0.0,0.0,0.0,Rioja gran reserva (botella),wine,0.0
bottle_w28,911.4238714285715,911.4238714285715,0.0,0.0,0.0,Tinto Mallorca (botella),wine,0.0
