weekday,hour,revenue,contribution,labor_cost,staff,covers,contribution_after_labor,sales_per_labor_hour,weekday_name
1,13,93.20104761904763,64.8126453958298,63.7,4.0,3.323809523809524,1.1126453958298015,23.300261904761907,Tue
1,14,180.62590476190476,125.41753839984581,63.7,4.0,5.980952380952381,61.71753839984581,45.15647619047619,Tue
1,15,116.34476190476191,80.35926622931267,63.7,4.0,4.104761904761904,16.659266229312664,29.086190476190477,Tue
1,16,55.76790476190476,38.41128260710074,63.7,4.0,1.8285714285714285,-25.288717392899265,13.94197619047619,Tue
1,17,74.28657142857143,52.0001435523963,80.2,5.0,2.380952380952381,-28.1998564476037,14.857314285714287,Tue
1,18,108.13580952380953,75.99040570383107,77.2,5.0,3.780952380952381,-1.2095942961689303,21.627161904761905,Tue
1,19,200.25857142857143,139.9162891549874,77.2,5.0,7.266666666666667,62.71628915498739,40.05171428571428,Tue
1,20,347.98638095238096,242.6287242697739,57.7,4.0,12.17142857142857,184.9287242697739,86.99659523809524,Tue
1,21,339.65561904761904,239.3727241613834,57.7,4.0,12.085714285714285,181.67272416138337,84.91390476190476,Tue
1,22,249.86019047619047,176.2419837724888,57.7,4.0,8.80952380952381,118.54198377248879,62.46504761904762,Tue
1,23,146.858,102.70401986272255,57.7,4.0,5.238095238095238,45.004019862722544,36.7145,Tue
2,13,119.79611650485437,82.58862025911176,63.7,4.0,4.106796116504855,18.88862025911176,29.949029126213592,Wed
2,14,213.2897087378641,148.49327369593024,63.7,4.0,7.155339805825243,84.79327369593024,53.32242718446602,Wed
2,15,144.9690291262136,101.27179796133161,63.7,4.0,4.941747572815534,37.57179796133161,36.2422572815534,Wed
2,16,86.40184466019417,60.53670366265243,63.7,4.0,2.7572815533980584,-3.1632963373475746,21.600461165048543,Wed
2,17,67.48368932038835,46.79137061182863,80.2,5.0,2.3883495145631066,-33.40862938817137,13.49673786407767,Wed
2,18,147.01058252427185,103.21671839522199,77.2,5.0,4.776699029126213,26.016718395221986,29.40211650485437,Wed
2,19,293.2093203883495,202.83876903934606,77.2,5.0,10.03883495145631,125.63876903934606,58.6418640776699,Wed
2,20,425.00669902912625,294.4483427869303,57.7,4.0,14.45631067961165,236.74834278693032,106.25167475728156,Wed
2,21,450.24213592233014,314.98917461480426,57.7,4.0,15.893203883495145,257.28917461480427,112.56053398058253,Wed
2,22,293.6380582524272,205.08559944561227,57.7,4.0,10.669902912621358,147.38559944561229,73.4095145631068,Wed
2,23,178.19699029126215,124.39607308360301,57.7,4.0,6.485436893203883,66.69607308360301,44.54924757281554,Wed
3,13,179.27607843137255,126.52432331251755,63.7,4.0,6.401960784313726,62.82432331251755,44.81901960784314,Thu
3,14,261.4055882352941,182.11368263381797,63.7,4.0,9.186274509803921,118.41368263381797,65.35139705882352,Thu
3,15,156.79676470588237,108.01032438009835,63.7,4.0,5.833333333333333,44.31032438009835,39.19919117647059,Thu
3,16,93.46637254901961,65.23496786745805,63.7,4.0,3.2254901960784315,1.5349678674580503,23.366593137254903,Thu
3,17,107.38480392156863,74.51350362225602,80.2,5.0,3.4705882352941178,-5.686496377743978,21.476960784313725,Thu
3,18,196.27392156862743,137.59458780644917,77.2,5.0,6.813725490196078,60.39458780644917,39.25478431372549,Thu
3,19,412.63490196078436,286.59531424310086,77.2,5.0,14.509803921568627,209.39531424310087,82.52698039215687,Thu
3,20,568.7268627450981,397.6741330817817,57.7,4.0,20.235294117647058,339.9741330817817,142.18171568627452,Thu
3,21,533.983431372549,371.37095462950555,57.7,4.0,18.80392156862745,313.67095462950556,133.49585784313726,Thu
3,22,387.358431372549,267.1806926047093,57.7,4.0,13.313725490196079,209.4806926047093,96.83960784313724,Thu
3,23,232.77078431372547,162.36315916312194,57.7,4.0,8.137254901960784,104.66315916312193,58.19269607843137,Thu
4,13,192.8353846153846,132.24591340649988,77.2,5.0,6.605769230769231,55.04591340649988,38.567076923076925,Fri
4,14,273.7067307692308,186.85844680066054,77.2,5.0,9.221153846153847,109.65844680066054,54.74134615384615,Fri
4,15,237.16673076923078,163.73783151308348,77.2,5.0,7.9423076923076925,86.53783151308347,47.43334615384616,Fri
4,16,154.41259615384615,107.04994352861235,77.2,5.0,4.9326923076923075,29.849943528612343,30.88251923076923,Fri
4,17,157.51442307692307,110.46879382008683,110.20000000000002,7.0,4.951923076923077,0.2687938200868132,22.502060439560438,Fri
4,18,263.4216346153846,182.46543115979009,120.70000000000002,8.0,8.653846153846153,61.76543115979007,32.92770432692308,Fri
4,19,502.57721153846154,342.5754547482271,134.9,9.0,16.53846153846154,207.6754547482271,55.841912393162396,Fri
4,20,732.1525961538462,505.2779224597409,134.9,9.0,24.73076923076923,370.37792245974094,81.35028846153847,Fri
4,21,823.6643269230769,572.0334353585229,115.4,8.0,28.807692307692307,456.6334353585229,102.95804086538462,Fri
4,22,593.1794230769231,412.4658024462237,115.4,8.0,21.41346153846154,297.06580244622364,74.14742788461538,Fri
4,23,414.9425,290.52109438593953,115.4,8.0,16.125,175.12109438593953,51.8678125,Fri
4,24,305.11384615384617,220.25927801920676,115.4,8.0,12.682692307692308,104.85927801920676,38.13923076923077,Fri
5,13,223.32105769230768,153.2275264655027,77.2,5.0,7.759615384615385,76.0275264655027,44.66421153846154,Sat
5,14,315.68721153846155,214.56730207598548,77.2,5.0,10.875,137.3673020759855,63.13744230769231,Sat
5,15,259.8732692307692,177.36828984170734,77.2,5.0,9.48076923076923,100.16828984170733,51.97465384615384,Sat
5,16,131.89490384615385,92.22814920723815,77.2,5.0,4.701923076923077,15.028149207238144,26.378980769230772,Sat
5,17,153.64086538461538,106.48468990050628,110.20000000000002,7.0,5.163461538461538,-3.7153100994937347,21.948695054945055,Sat
5,18,258.44990384615386,178.5242821166619,120.70000000000002,8.0,9.163461538461538,57.82428211666189,32.30623798076923,Sat
5,19,534.1170192307692,367.1023931820724,134.9,9.0,19.21153846153846,232.20239318207237,59.346335470085464,Sat
5,20,788.7474038461538,544.5435697308251,134.9,9.0,30.817307692307693,409.6435697308251,87.63860042735043,Sat
5,21,735.0138461538462,510.0296589401466,115.4,8.0,31.78846153846154,394.62965894014656,91.87673076923078,Sat
5,22,537.0821153846153,374.3617061248851,115.4,8.0,24.557692307692307,258.96170612488504,67.13526442307692,Sat
5,23,355.1527884615385,250.14214593509456,115.4,8.0,17.798076923076923,134.74214593509456,44.39409855769231,Sat
5,24,268.44048076923076,193.69249585871134,115.4,8.0,13.740384615384615,78.29249585871133,33.555060096153845,Sat
6,13,387.4861538461538,275.66403933354684,93.70000000000002,6.0,14.153846153846153,181.96403933354682,64.58102564102563,Sun
6,14,519.3609615384615,367.12258268108246,93.70000000000002,6.0,19.83653846153846,273.4225826810824,86.56016025641026,Sun
6,15,384.6453846153846,270.39496873855245,93.70000000000002,6.0,15.028846153846153,176.69496873855243,64.1075641025641,Sun
6,16,218.25740384615386,155.9227185573291,93.70000000000002,6.0,8.48076923076923,62.222718557329074,36.376233974358975,Sun
6,17,163.89019230769233,115.32706943276858,110.20000000000002,7.0,6.3173076923076925,5.127069432768565,23.41288461538462,Sun
6,18,195.2419230769231,137.1324079640841,77.2,5.0,7.721153846153846,59.932407964084106,39.04838461538462,Sun
6,19,238.4383653846154,162.83979634458382,63.7,4.0,9.413461538461538,99.13979634458381,59.60959134615385,Sun
6,20,241.15480769230768,161.90627798744447,44.2,3.0,10.336538461538462,117.70627798744447,80.3849358974359,Sun
6,21,195.87663461538463,126.39481968730027,44.2,3.0,7.8173076923076925,82.19481968730027,65.29221153846154,Sun
6,22,108.63894230769232,70.79146697366782,44.2,3.0,4.5673076923076925,26.59146697366782,36.212980769230775,Sun
