item_id,name,category,units,revenue,cost,unit_price,unit_cost,unit_margin,food_cost_pct,family,mix_pct,popular,high_margin,avg_unit_margin_family,class,action,total_margin
cana,Cana de cerveza,Bebidas,15584,44566.189999999995,8500.639208333334,2.8597401180698148,0.5454722284608146,2.3142678896090003,0.19074188770306225,Bebidas,0.4223878574332565,True,False,3.0543378199876527,Plowhorse,"Popular but low margin: raise price a little, trim portion or cost, improve the recipe",36065.55079166666
gin_tonic,Gin tonic,Bebidas,2813,26221.85,4445.959050555555,9.321667259153928,1.5805044616265749,7.741162797527354,0.16955169259817882,Bebidas,0.0762433934137417,False,True,3.0543378199876527,Puzzle,"High margin but under-ordered: better name and photo, move up the menu, staff recommendation",21775.890949444445
vermut,Vermut de grifo,Bebidas,4937,22840.06,3806.260056,4.626303423131457,0.7709661851326717,3.8553372379987856,0.1666484263176191,Bebidas,0.1338121696706871,True,True,3.0543378199876527,Star,"Highlight, protect quality, do not discount",19033.799944000006
cerveza_gr,Cerveza grande,Bebidas,4125,19088.34,4497.888416666667,4.627476363636363,1.090397191919192,3.5370791717171715,0.23563538875914128,Bebidas,0.11180376744816371,False,True,3.0543378199876527,Puzzle,"High margin but under-ordered: better name and photo, move up the menu, staff recommendation",14590.451583333332
refresco,Refresco,Bebidas,5192,14853.0,2968.7986,2.860747303543914,0.5718025038520801,2.288944799691834,0.1998787181040867,Bebidas,0.14072367529475538,True,False,3.0543378199876527,Plowhorse,"Popular but low margin: raise price a little, trim portion or cost, improve the recipe",11884.201400000002
agua,Agua,Bebidas,4244,10872.11,1532.2108,2.5617601319509897,0.36102987747408105,2.2007302544769085,0.14093039897499196,Bebidas,0.11502913673939558,False,False,3.0543378199876527,Dog,"Low margin and low popularity: redesign, replace or drop",9339.8992
tarta_queso,Tarta de queso,Postres,2270,14708.85,1645.5815069999999,6.479669603524229,0.7249257740088105,5.7547438295154185,0.11187696570432086,Postres y cafe,0.21067285382830628,True,True,3.3766552119570155,Star,"Highlight, protect quality, do not discount",13063.268493
brownie,Brownie con helado,Postres,1565,9361.2,1905.604502,5.9815974440894575,1.21763865942492,4.7639587846645375,0.20356412660769982,Postres y cafe,0.14524361948955916,True,True,3.3766552119570155,Star,"Highlight, protect quality, do not discount",7455.5954980000015
torrija,Torrija caramelizada,Postres,1271,7596.6,1536.790773263158,5.976868607395752,1.209119412480848,4.767749194914904,0.20229981482020346,Postres y cafe,0.11795823665893271,False,True,3.3766552119570155,Puzzle,"High margin but under-ordered: better name and photo, move up the menu, staff recommendation",6059.809226736843
cafe,Cafe solo,Cafe,3230,5796.18,419.2501815,1.794482972136223,0.1297988178018576,1.6646841543343653,0.07233215350454955,Postres y cafe,0.2997679814385151,True,False,3.3766552119570155,Plowhorse,"Popular but low margin: raise price a little, trim portion or cost, improve the recipe",5376.9298185
cafe_leche,Cafe con leche,Cafe,2439,4862.6,434.7431274,1.9936859368593687,0.178246464698647,1.8154394721607217,0.08940548829844117,Postres y cafe,0.22635730858468678,True,False,3.3766552119570155,Plowhorse,"Popular but low margin: raise price a little, trim portion or cost, improve the recipe",4427.8568726
jamon_racion,Jamon iberico (racion),Tapas,2591,59159.85999999999,24009.164986501546,22.83282902354303,9.266370122154205,13.566458901388826,0.40583539221528836,Tapas,0.04492336500450794,True,True,7.704520636405618,Star,"Highlight, protect quality, do not discount",35150.69501349845
tortilla,Tortilla de patatas,Tapas,4891,42895.600000000006,7859.593867333333,8.770312819464323,1.606950289783957,7.163362529680366,0.18322610867625894,Tapas,0.08480130383521742,True,False,7.704520636405618,Plowhorse,"Popular but low margin: raise price a little, trim portion or cost, improve the recipe",35036.00613266667
pulpo,Pulpo a la brasa,Tapas,2344,44872.32,11199.41343086975,19.143481228668943,4.777906753784023,14.36557447488492,0.2495840070419749,Tapas,0.04064082113877523,True,True,7.704520636405618,Star,"Highlight, protect quality, do not discount",33672.90656913025
croquetas,Croquetas de jamon,Tapas,5201,48739.0,19057.48742405882,9.371082484137666,3.6641967744777584,5.7068857096599075,0.3910110470887548,Tapas,0.09017615646022609,True,False,7.704520636405618,Plowhorse,"Popular but low margin: raise price a little, trim portion or cost, improve the recipe",29681.51257594118
bravas,Patatas bravas,Tapas,5132,34803.76,6685.532569195652,6.781714731098987,1.3027148420100647,5.4789998890889215,0.1920922500671092,Tapas,0.08897981829530481,True,False,7.704520636405618,Plowhorse,"Popular but low margin: raise price a little, trim portion or cost, improve the recipe",28118.227430804345
calamares,Calamares fritos,Tapas,2711,35128.6,9990.937915999999,12.95780154924382,3.685333056436739,9.272468492807082,0.2844103640907978,Tapas,0.047003953117414524,True,True,7.704520636405618,Star,"Highlight, protect quality, do not discount",25137.662084
manchego,Queso manchego curado,Tapas,2302,26172.120000000003,3720.767153639418,11.369296264118159,1.6163193543177317,9.752976909800427,0.14216529473498585,Tapas,0.03991261529925792,True,True,7.704520636405618,Star,"Highlight, protect quality, do not discount",22451.352846360583
ensaladilla,Ensaladilla rusa,Tapas,3381,26287.559999999998,4228.3159112941175,7.7750842945873995,1.250611035579449,6.524473259007951,0.16084855008582455,Tapas,0.058620570081142936,True,False,7.704520636405618,Plowhorse,"Popular but low margin: raise price a little, trim portion or cost, improve the recipe",22059.24408870588
tabla_quesos,Tabla de quesos,Tapas,1529,25303.38,4423.504190277716,16.548973185088293,2.89307010482519,13.655903080263103,0.17481870763027374,Tapas,0.026510160205284693,False,True,7.704520636405618,Puzzle,"High margin but under-ordered: better name and photo, move up the menu, staff recommendation",20879.875809722285
huevos_rotos,Huevos rotos con jamon,Tapas,3418,40904.4,20516.083479764704,11.967349327091867,6.002364973599972,5.964984353491895,0.5015617752555888,Tapas,0.05926208474928913,True,False,7.704520636405618,Plowhorse,"Popular but low margin: raise price a little, trim portion or cost, improve the recipe",20388.316520235298
gambas_ajillo,Gambas al ajillo,Tapas,1928,26909.4,10164.172847139493,13.95715767634855,5.271873883371106,8.685283792977444,0.3777183009334839,Tapas,0.033428115680699075,True,True,7.704520636405618,Star,"Highlight, protect quality, do not discount",16745.227152860512
carrillera,Carrillera al vino,Tapas,1547,24055.2,7860.672680326797,15.549579831932773,5.0812363803017435,10.468343451631029,0.3267764425291329,Tapas,0.026822248422220682,False,True,7.704520636405618,Puzzle,"High margin but under-ordered: better name and photo, move up the menu, staff recommendation",16194.527319673201
bacalao,Bacalao confitado,Tapas,1260,21603.2,5611.065846409091,17.145396825396826,4.453226862229437,12.69216996316739,0.2597330879873857,Tapas,0.021846175185519106,False,True,7.704520636405618,Puzzle,"High margin but under-ordered: better name and photo, move up the menu, staff recommendation",15992.13415359091
chorizo_sidra,Chorizo a la sidra,Tapas,1895,18696.15,3928.848610311493,9.86604221635884,2.0732710344651677,7.792771181893673,0.21014212072065597,Tapas,0.03285595394964977,True,True,7.704520636405618,Star,"Highlight, protect quality, do not discount",14767.30138968851
berenjena,Berenjena frita con miel,Tapas,2047,17960.800000000003,3543.207035636364,8.774206155349294,1.730926739441311,7.043279415907983,0.19727445523787152,Tapas,0.03549136555933144,True,False,7.704520636405618,Plowhorse,"Popular but low margin: raise price a little, trim portion or cost, improve the recipe",14417.592964363641
anchoas,Anchoas del Cantabrico,Tapas,1538,19166.25,4893.890358627003,12.461801040312094,3.1819833281059835,9.27981771220611,0.2553389608622971,Tapas,0.026666204313752686,False,True,7.704520636405618,Puzzle,"High margin but under-ordered: better name and photo, move up the menu, staff recommendation",14272.359641372997
aceitunas,Aceitunas,Tapas,3412,15990.810000000001,1892.40983,4.686638335287222,0.5546335961313013,4.132004739155921,0.11834358797334216,Tapas,0.0591580553436438,True,False,7.704520636405618,Plowhorse,"Popular but low margin: raise price a little, trim portion or cost, improve the recipe",14098.40017
padron,Pimientos de padron,Tapas,2255,17525.82,4535.085147789474,7.771982261640798,2.0111242340529816,5.760858027587817,0.2587659320813219,Tapas,0.03909771828836951,True,False,7.704520636405618,Plowhorse,"Popular but low margin: raise price a little, trim portion or cost, improve the recipe",12990.734852210528
lomo,Lomo a la plancha,Tapas,1318,16425.0,3449.3310807283524,12.46206373292868,2.617094901918325,9.844968831010355,0.2100049364218175,Tapas,0.022851792773423956,False,True,7.704520636405618,Puzzle,"High margin but under-ordered: better name and photo, move up the menu, staff recommendation",12975.668919271648
pan_tomate,Pan con tomate,Tapas,3394,14219.52,2891.1158911578946,4.189605185621685,0.8518314352262506,3.337773750395435,0.20332021693825772,Tapas,0.05884596712670782,True,False,7.704520636405618,Plowhorse,"Popular but low margin: raise price a little, trim portion or cost, improve the recipe",11328.404108842107
tartar,Steak tartar,Tapas,858,14716.32,4323.3070991812865,17.151888111888113,5.038819462915252,12.11306864897286,0.2937763720265179,Tapas,0.014876205007282059,False,True,7.704520636405618,Puzzle,"High margin but under-ordered: better name and photo, move up the menu, staff recommendation",10393.012900818714
mejillones,Mejillones al vapor,Tapas,1426,14077.800000000001,5008.146738666666,9.872230014025247,3.5120243609163158,6.360205653108931,0.35574782555986484,Tapas,0.024724322075039877,False,False,7.704520636405618,Dog,"Low margin and low popularity: redesign, replace or drop",9069.653261333337
boquerones,Boquerones en vinagre,Tapas,872,7215.1900000000005,1685.6964312775974,8.274300458715597,1.9331381092632998,6.341162349452297,0.23363160655195458,Tapas,0.01511894028712116,False,False,7.704520636405618,Dog,"Low margin and low popularity: redesign, replace or drop",5529.493568722403
ensalada,Ensalada mixta,Tapas,426,3990.3,974.6772484830917,9.366901408450705,2.287974761697398,7.078926646753306,0.2442616466138114,Tapas,0.007386087800818364,False,False,7.704520636405618,Dog,"Low margin and low popularity: redesign, replace or drop",3015.6227515169085
btl_w04,Rioja crianza (botella),Vino botella,531,12546.8,4132.9275,23.628625235404893,7.783290960451977,15.845334274952917,0.3294009229444958,Vino botella,0.10401567091087169,True,False,20.204004662095983,Plowhorse,"Popular but low margin: raise price a little, trim portion or cost, improve the recipe",8413.8725
btl_w02,Albarino Rias Baixas (botella),Vino botella,395,11691.2,3761.7181,29.597974683544304,9.523336962025317,20.07463772151899,0.3217563723142192,Vino botella,0.07737512242899118,True,False,20.204004662095983,Plowhorse,"Popular but low margin: raise price a little, trim portion or cost, improve the recipe",7929.481900000001
btl_w05,Ribera del Duero roble (botella),Vino botella,422,11650.3,3933.7281,27.60734597156398,9.321630568720378,18.2857154028436,0.33765036951838145,Vino botella,0.08266405484818805,True,False,20.204004662095983,Plowhorse,"Popular but low margin: raise price a little, trim portion or cost, improve the recipe",7716.571899999999
btl_w01,Verdejo Rueda (botella),Vino botella,426,9208.1,2738.0649,21.61525821596244,6.427382394366197,15.187875821596243,0.29735394924034275,Vino botella,0.08344760039177278,True,False,20.204004662095983,Plowhorse,"Popular but low margin: raise price a little, trim portion or cost, improve the recipe",6470.0351
btl_w08,Cava brut nature (botella),Vino botella,372,9160.7,2738.9866,24.625537634408605,7.362867204301076,17.26267043010753,0.29899315554488193,Vino botella,0.07286973555337904,True,False,20.204004662095983,Plowhorse,"Popular but low margin: raise price a little, trim portion or cost, improve the recipe",6421.7134000000015
btl_w10,Jerez fino (botella),Vino botella,297,7311.1,2423.8195,24.61649831649832,8.161008417508418,16.455489898989903,0.33152596736469203,Vino botella,0.058178256611165526,True,False,20.204004662095983,Plowhorse,"Popular but low margin: raise price a little, trim portion or cost, improve the recipe",4887.280500000001
btl_w03,Godello Valdeorras (botella),Vino botella,246,6807.2,2079.1229,27.671544715447155,8.451719105691057,19.2198256097561,0.3054299712069573,Vino botella,0.04818805093046033,True,False,20.204004662095983,Plowhorse,"Popular but low margin: raise price a little, trim portion or cost, improve the recipe",4728.0771
btl_w06,Mencia Bierzo (botella),Vino botella,219,6859.4,2265.9411999999998,31.32146118721461,10.346763470319633,20.974697716894976,0.33034102108056096,Vino botella,0.04289911851126347,True,True,20.204004662095983,Star,"Highlight, protect quality, do not discount",4593.458799999999
btl_w07,Garnacha Gredos (botella),Vino botella,192,6770.2,2211.5176,35.26145833333333,11.518320833333334,23.743137499999996,0.32665469262355623,Vino botella,0.0376101860920666,True,True,20.204004662095983,Star,"Highlight, protect quality, do not discount",4558.6824
btl_w11,Rioja reserva (botella),Vino botella,180,6689.6,2158.9841,37.16444444444445,11.994356111111111,25.17008833333334,0.3227373983496771,Vino botella,0.03525954946131244,True,True,20.204004662095983,Star,"Highlight, protect quality, do not discount",4530.615900000001
btl_w13,Ribera crianza (botella),Vino botella,137,5665.8,1871.7727,41.356204379562044,13.662574452554745,27.6936299270073,0.33036335557202867,Vino botella,0.02683643486777669,True,True,20.204004662095983,Star,"Highlight, protect quality, do not discount",3794.0273
btl_w17,Rueda superior (botella),Vino botella,141,4831.2,1649.5372,34.263829787234044,11.698845390070922,22.564984397163123,0.34143426063917864,Vino botella,0.02761998041136141,True,True,20.204004662095983,Star,"Highlight, protect quality, do not discount",3181.6628000000005
btl_w20,Cava reserva (botella),Vino botella,145,4708.4,1657.2403,32.471724137931034,11.429243448275862,21.04248068965517,0.3519752569875117,Vino botella,0.02840352595494613,True,True,20.204004662095983,Star,"Highlight, protect quality, do not discount",3051.1596999999997
btl_w21,Vino natural tinto (botella),Vino botella,108,4250.0,1380.1411,39.351851851851855,12.77908425925926,26.572767592592594,0.3247390823529412,Vino botella,0.021155729676787464,False,True,20.204004662095983,Puzzle,"High margin but under-ordered: better name and photo, move up the menu, staff recommendation",2869.8589
btl_w14,Priorat (botella),Vino botella,79,4256.3,1480.6822,53.87721518987342,18.742812658227848,35.13440253164557,0.3478801306298898,Vino botella,0.015475024485798237,False,True,20.204004662095983,Puzzle,"High margin but under-ordered: better name and photo, move up the menu, staff recommendation",2775.6178
btl_w19,Champagne (botella),Vino botella,57,4423.6,1666.5426,77.60701754385966,29.23758947368421,48.369428070175445,0.376738990867167,Vino botella,0.011165523996082272,False,True,20.204004662095983,Puzzle,"High margin but under-ordered: better name and photo, move up the menu, staff recommendation",2757.0574000000006
btl_w22,Vino natural naranja (botella),Vino botella,93,4004.0,1320.7609,43.053763440860216,14.201730107526881,28.852033333333335,0.3298603646353646,Vino botella,0.01821743388834476,False,True,20.204004662095983,Puzzle,"High margin but under-ordered: better name and photo, move up the menu, staff recommendation",2683.2391000000002
btl_w09,Rosado Navarra (botella),Vino botella,191,3750.1,1125.5258000000001,19.634031413612565,5.892805235602095,13.74122617801047,0.3001322098077385,Vino botella,0.03741429970617042,True,False,20.204004662095983,Plowhorse,"Popular but low margin: raise price a little, trim portion or cost, improve the recipe",2624.5741999999996
btl_w15,Toro (botella),Vino botella,105,3400.4,1192.4660000000001,32.38476190476191,11.356819047619048,21.02794285714286,0.35068403717209734,Vino botella,0.02056807051909892,False,True,20.204004662095983,Puzzle,"High margin but under-ordered: better name and photo, move up the menu, staff recommendation",2207.934
btl_w12,Rioja gran reserva (botella),Vino botella,56,3582.5,1433.6896,63.973214285714285,25.601599999999998,38.37161428571429,0.40019249127704115,Vino botella,0.010969637610186092,False,True,20.204004662095983,Puzzle,"High margin but under-ordered: better name and photo, move up the menu, staff recommendation",2148.8104000000003
btl_w16,Ribeiro blanco (botella),Vino botella,106,3038.3,952.8407,28.66320754716981,8.98906320754717,19.674144339622643,0.31360981469900934,Vino botella,0.020763956904995103,False,False,20.204004662095983,Dog,"Low margin and low popularity: redesign, replace or drop",2085.4593
btl_w18,Chardonnay Somontano (botella),Vino botella,89,2872.0,938.7309,32.26966292134831,10.54753820224719,21.722124719101124,0.32685616295264625,Vino botella,0.017433888344760038,False,True,20.204004662095983,Puzzle,"High margin but under-ordered: better name and photo, move up the menu, staff recommendation",1933.2691
btl_w26,Tempranillo joven (botella),Vino botella,130,2421.9,724.9669,18.63,5.576668461538461,13.053331538461538,0.299338081671415,Vino botella,0.025465230166503428,True,False,20.204004662095983,Plowhorse,"Popular but low margin: raise price a little, trim portion or cost, improve the recipe",1696.9331
btl_w25,Cabernet Penedes (botella),Vino botella,85,2427.6,790.1293000000001,28.56,9.295638823529412,19.264361176470587,0.32547754984346683,Vino botella,0.01665034280117532,False,False,20.204004662095983,Dog,"Low margin and low popularity: redesign, replace or drop",1637.4706999999999
btl_w23,Manzanilla (botella),Vino botella,86,2381.4,867.423,27.690697674418605,10.086313953488371,17.604383720930233,0.36424918115394306,Vino botella,0.016846229187071498,False,False,20.204004662095983,Dog,"Low margin and low popularity: redesign, replace or drop",1513.977
btl_w24,Amontillado (botella),Vino botella,50,2226.0,802.757,44.52,16.055139999999998,28.464860000000005,0.3606275831087151,Vino botella,0.009794319294809012,False,True,20.204004662095983,Puzzle,"High margin but under-ordered: better name and photo, move up the menu, staff recommendation",1423.2430000000002
btl_w30,Gran Reserva 2005 (botella),Vino botella,21,2138.0,859.3931,101.80952380952381,40.923480952380956,60.886042857142854,0.40196122544434054,Vino botella,0.004113614103819784,False,True,20.204004662095983,Puzzle,"High margin but under-ordered: better name and photo, move up the menu, staff recommendation",1278.6069
btl_w27,Bobal Utiel-Requena (botella),Vino botella,80,1809.6,566.6058,22.619999999999997,7.0825725,15.537427499999996,0.31311107427055707,Vino botella,0.015670910871694418,False,False,20.204004662095983,Dog,"Low margin and low popularity: redesign, replace or drop",1242.9941999999996
btl_w29,Blanco Gredos (botella),Vino botella,35,1658.0,599.3445,47.371428571428574,17.12412857142857,30.247300000000003,0.3614864294330518,Vino botella,0.0068560235063663075,False,True,20.204004662095983,Puzzle,"High margin but under-ordered: better name and photo, move up the menu, staff recommendation",1058.6555
btl_w28,Tinto Mallorca (botella),Vino botella,31,1529.0,601.8961,49.32258064516129,19.416003225806453,29.906577419354836,0.393653433616743,Vino botella,0.006072477962781587,False,True,20.204004662095983,Puzzle,"High margin but under-ordered: better name and photo, move up the menu, staff recommendation",927.1039
glass_w04,Rioja crianza (copa),Vino por copa,3680,18125.12,5726.095560000001,4.925304347826087,1.5560042282608697,3.3693001195652172,0.31592042204410237,Vino por copa,0.17358490566037735,True,False,3.6888622103773585,Plowhorse,"Popular but low margin: raise price a little, trim portion or cost, improve the recipe",12399.02444
glass_w02,Albarino Rias Baixas (copa),Vino por copa,2490,15417.84,4745.3042000000005,6.191903614457831,1.9057446586345383,4.286158955823293,0.3077800911152276,Vino por copa,0.11745283018867925,True,True,3.6888622103773585,Star,"Highlight, protect quality, do not discount",10672.5358
glass_w05,Ribera del Duero roble (copa),Vino por copa,2648,15088.359999999999,4935.083100000001,5.698021148036253,1.8637020770392752,3.834319070996978,0.3270788276525746,Vino por copa,0.1249056603773585,True,True,3.6888622103773585,Star,"Highlight, protect quality, do not discount",10153.276899999997
glass_w01,Verdejo Rueda (copa),Vino por copa,2739,12680.220000000001,3524.567,4.629507119386638,1.286807959109164,3.3426991602774736,0.2779578745479179,Vino por copa,0.12919811320754718,True,False,3.6888622103773585,Plowhorse,"Popular but low margin: raise price a little, trim portion or cost, improve the recipe",9155.653
glass_w08,Cava brut nature (copa),Vino por copa,2459,12606.380000000001,3629.4950200000003,5.126628710858073,1.4760044814965434,3.6506242293615294,0.28790937763259555,Vino por copa,0.11599056603773585,True,False,3.6888622103773585,Plowhorse,"Popular but low margin: raise price a little, trim portion or cost, improve the recipe",8976.88498
glass_w06,Mencia Bierzo (copa),Vino por copa,1492,9232.17,3088.40882,6.187781501340482,2.0699791018766756,4.117802399463807,0.33452685771600826,Vino por copa,0.07037735849056603,True,True,3.6888622103773585,Star,"Highlight, protect quality, do not discount",6143.76118
glass_w03,Godello Valdeorras (copa),Vino por copa,1430,8135.84,2415.73148,5.689398601398602,1.6893227132867132,4.000075888111889,0.29692465436881743,Vino por copa,0.06745283018867924,False,True,3.6888622103773585,Puzzle,"High margin but under-ordered: better name and photo, move up the menu, staff recommendation",5720.108520000001
glass_w07,Garnacha Gredos (copa),Vino por copa,1208,8439.43,2784.4492400000004,6.986283112582782,2.305007649006623,4.681275463576158,0.3299333296206024,Vino por copa,0.056981132075471695,False,True,3.6888622103773585,Puzzle,"High margin but under-ordered: better name and photo, move up the menu, staff recommendation",5654.9807599999995
glass_w10,Jerez fino (copa),Vino por copa,1853,8567.460000000001,3025.4711,4.623561791689153,1.632742093901781,2.990819697787372,0.35313512989847634,Vino por copa,0.08740566037735849,True,False,3.6888622103773585,Plowhorse,"Popular but low margin: raise price a little, trim portion or cost, improve the recipe",5541.9889
glass_w09,Rosado Navarra (copa),Vino por copa,1201,5203.4400000000005,1417.7756200000001,4.332589508742715,1.1804959367194006,3.1520935720233147,0.2724689090294113,Vino por copa,0.056650943396226415,False,False,3.6888622103773585,Dog,"Low margin and low popularity: redesign, replace or drop",3785.664380000001
