month,revenue,cogs_theoretical,delivery_cost,card_fee,labor,fixed_expenses,cogs_actual,ebitda,prime_cost_pct,ebitda_pct
2024-10-01,84015.49,23471.591618963386,2350.89,697.96397,25043.8,15570.0,23471.591618963386,16881.244411036616,0.5774576999903636,0.2009301428943236
2024-11-01,81760.59,22855.308523813077,2301.12,644.6387199999999,25389.4,15570.0,22855.308523813077,15000.122756186924,0.5900729009393534,0.1834639739780122
2024-12-01,79931.28,22512.4824307609,2159.61,617.33463,23586.2,15570.0,22512.4824307609,15485.652939239093,0.576728940544439,0.19373708189383548
2025-01-01,72258.94,20223.2207785937,2047.43,582.46375,24838.5,15846.0,20223.2207785937,8721.325471406302,0.6236144728748263,0.12069545265134393
2025-02-01,67739.94,19026.692298757804,1791.3,559.84181,22775.2,15846.0,19026.692298757804,7740.905891242202,0.6170937307998472,0.11427388171944354
2025-03-01,76507.44,21256.96838619369,2035.14,626.75833,24893.3,15846.0,21256.96838619369,11849.27328380631,0.6032128167691101,0.15487739864000558
2025-04-01,78079.61,21945.75901544693,2181.82,628.5527599999999,24287.6,15846.0,21945.75901544693,13189.878224553073,0.5921310187825852,0.1689285874321487
2025-05-01,97900.78,27472.189133848675,2549.04,810.8676399999999,26145.6,15846.0,27472.189133848675,25077.083226151324,0.5476747900665212,0.2561479410700438
2025-06-01,91694.4,25843.270293752084,2903.44,750.0798799999999,23586.2,16296.0,25843.270293752084,22315.409826247916,0.5390674926031698,0.24336720482655338
2025-07-01,86462.24,24625.50138612622,2481.58,718.51131,25043.8,16296.0,24625.50138612622,17296.847303873787,0.574462347796289,0.20005088121558945
2025-08-01,64420.2,18260.600222199835,1777.26,539.20251,26200.4,16296.0,18260.600222199835,1346.7372678001607,0.6901717197742298,0.020905512056779717
2025-09-01,78998.37,22176.80132773112,2199.57,651.57092,23531.4,16296.0,22176.80132773112,14143.027752268876,0.578596765069091,0.17902936164719446
2025-10-01,92972.29,26067.2405956736,2291.2,745.1061199999999,25594.7,15846.0,26067.2405956736,22428.04328432639,0.5556703034385149,0.2412336329924367
2025-11-01,90410.21,25879.93336005386,2305.21,757.1167999999999,24893.3,15846.0,25879.93336005386,20728.649839946152,0.5615873844342785,0.2292733291952994
2025-12-01,93111.82,26891.545136556066,2330.62,744.21886,23531.4,15846.0,26891.545136556066,23768.036003443947,0.5415310874232301,0.2552633597264445
2026-01-01,84811.3,24135.687804569367,2193.46,717.6674999999999,25389.4,16130.28,24135.687804569367,16244.804695430637,0.5839444484941201,0.1915405694221246
2026-02-01,74262.0,21056.96380322424,1803.1000000000001,631.36678,22775.2,16130.28,21056.96380322424,11865.089416775761,0.5902367806310662,0.15977336210680781
2026-03-01,86012.42,24442.196398599524,2166.4700000000003,686.89302,24342.4,16130.28,24442.196398599524,18244.180581400473,0.5671808373558089,0.21211100189252288
2026-04-01,91860.99,25990.308242525905,2406.02,766.14527,24287.6,16130.28,25990.308242525905,22280.6364874741,0.5473260003242497,0.2425473151059454
2026-05-01,106446.26,30033.82476077478,2307.65,887.03703,26200.4,16130.28,30033.82476077478,30887.068209225217,0.5282874641229742,0.2901658377591211
2026-06-01,99281.37,27934.658140457268,2454.6,805.84812,23531.4,16580.28,27934.658140457268,27974.583739542733,0.5183858576937171,0.28177072636631356
2026-07-01,94733.06,26891.861562210586,2060.46,779.0400199999999,25594.7,16580.28,26891.861562210586,22826.718417789416,0.5540469352748723,0.24095831400135725
2026-08-01,64663.36,18486.33349874614,1298.85,526.06466,24893.3,16580.28,18486.33349874614,2878.5318412538604,0.6708533781533489,0.04451565525289531
2026-09-01,87306.93,24685.969531156275,2312.2,731.6196799999999,24287.6,16580.28,24685.969531156275,18709.26078884372,0.5609356500240734,0.21429296378699517
