item_id,name,category,family,class,units_12m,unit_price,new_price,unit_cost,elasticity_central,gain_pessimistic,gain_central,gain_optimistic,robust
cana,Cana de cerveza,Bebidas,Bebidas,Plowhorse,15584,2.86,3.0,0.55,-0.71,50.644242017529905,924.484542344886,1488.2094191954457,True
gin_tonic,Gin tonic,Bebidas,Bebidas,Puzzle,2813,9.32,9.79,1.58,-0.71,-1.7999946856871247,525.029538755356,864.8936005856849,False
vermut,Vermut de grifo,Bebidas,Bebidas,Star,4937,4.63,4.86,0.77,-0.71,-5.338761535869708,455.0595782932214,752.06807895991,False
cerveza_gr,Cerveza grande,Bebidas,Bebidas,Puzzle,4125,4.63,4.86,1.09,-0.71,70.42358706130108,425.14709960216896,653.9834995120709,True
refresco,Refresco,Bebidas,Bebidas,Plowhorse,5192,2.86,3.0,0.57,-0.71,24.596103055293497,312.7324135636918,498.6126094034498,True
agua,Agua,Bebidas,Bebidas,Dog,4244,2.56,2.69,0.36,-0.71,-18.441905207153468,207.0930669673362,352.58838729867057,False
tarta_queso,Tarta de queso,Postres,Postres y cafe,Star,2270,6.48,6.8,0.72,-0.7,-49.251790560621885,272.1303487272198,468.75674298478407,False
brownie,Brownie con helado,Postres,Postres y cafe,Star,1565,5.98,6.28,1.22,-0.7,17.46376439479991,202.01153528578743,314.9206186560541,True
torrija,Torrija caramelizada,Postres,Postres y cafe,Puzzle,1271,5.98,6.28,1.21,-0.7,13.625639530819171,163.60957875387248,255.37199352690186,True
cafe,Cafe solo,Cafe,Postres y cafe,Plowhorse,3230,1.79,1.88,0.13,-0.7,-32.442665335331185,99.53985427819407,180.28873159334762,False
cafe_leche,Cafe con leche,Cafe,Postres y cafe,Plowhorse,2439,1.99,2.09,0.18,-0.7,-22.49602347945529,86.29470012241927,152.854490152783,False
jamon_racion,Jamon iberico (racion),Tapas,Tapas,Star,2591,22.83,23.97,9.27,-1.09,790.8579741183639,984.271897988896,2221.4717179112486,True
tortilla,Tortilla de patatas,Tapas,Tapas,Plowhorse,4891,8.77,9.21,1.61,-1.09,30.41217160938686,219.116693160031,1426.192147754875,True
pulpo,Pulpo a la brasa,Tapas,Tapas,Star,2344,19.14,20.1,4.78,-1.09,201.1433218574166,383.431296699775,1549.4623927854118,True
croquetas,Croquetas de jamon,Tapas,Tapas,Plowhorse,5201,9.37,9.84,3.66,-1.09,610.4624231740636,773.4740144757925,1816.2009669508298,True
bravas,Patatas bravas,Tapas,Tapas,Plowhorse,5132,6.78,7.12,1.3,-1.09,42.223014312199666,193.7641349874284,1163.118581959552,True
calamares,Calamares fritos,Tapas,Tapas,Star,2711,12.96,13.61,3.69,-1.09,227.03783294669847,363.5340533639246,1236.6516445944144,True
manchego,Queso manchego curado,Tapas,Tapas,Star,2302,11.37,11.94,1.62,-1.09,-42.55673253006171,78.03274748166223,849.4005992341954,False
ensaladilla,Ensaladilla rusa,Tapas,Tapas,Plowhorse,3381,7.78,8.16,1.25,-1.09,-14.814836347788514,103.81385959792533,862.6392757034882,False
tabla_quesos,Tabla de quesos,Tapas,Tapas,Puzzle,1529,16.55,17.38,2.89,-1.09,5.84193421730015,118.2352028971327,837.1748169047387,True
huevos_rotos,Huevos rotos con jamon,Tapas,Tapas,Plowhorse,3418,11.97,12.57,6.0,-1.09,769.4872135504556,883.3446710188073,1611.6501779736936,True
gambas_ajillo,Gambas al ajillo,Tapas,Tapas,Star,1928,13.96,14.66,5.27,-1.09,316.70240168503005,408.5185439948582,995.8336268930398,True
carrillera,Carrillera al vino,Tapas,Tapas,Puzzle,1547,15.55,16.33,5.08,-1.09,213.42468904845373,301.7215520632344,866.5250617357051,True
bacalao,Bacalao confitado,Tapas,Tapas,Puzzle,1260,17.15,18.0,4.45,-1.09,109.306145905206,195.95356343236745,750.2061591922229,True
chorizo_sidra,Chorizo a la sidra,Tapas,Tapas,Star,1895,9.87,10.36,2.07,-1.09,41.87226845915211,121.56555237176508,631.3350381080018,True
berenjena,Berenjena frita con miel,Tapas,Tapas,Plowhorse,2047,8.77,9.21,1.73,-1.09,27.082578719497178,104.81437224514048,602.0369042513794,True
anchoas,Anchoas del Cantabrico,Tapas,Tapas,Puzzle,1538,12.46,13.08,3.18,-1.09,92.18656426593225,169.4871541210614,663.9514301918753,True
aceitunas,Aceitunas,Tapas,Tapas,Plowhorse,3412,4.69,4.92,0.55,-1.09,-47.663922992140215,27.947946971851707,511.6100847922153,False
padron,Pimientos de padron,Tapas,Tapas,Plowhorse,2255,7.77,8.16,2.01,-1.09,87.71183352523076,158.09147717867017,608.2849312576072,True
lomo,Lomo a la plancha,Tapas,Tapas,Puzzle,1318,12.46,13.09,2.62,-1.09,36.65761968473453,106.68144796648085,554.5988781430315,True
pan_tomate,Pan con tomate,Tapas,Tapas,Plowhorse,3394,4.19,4.4,0.85,-1.09,26.329960374267102,87.43371044289051,478.29258486439176,True
tartar,Steak tartar,Tapas,Tapas,Puzzle,858,17.15,18.01,5.04,-1.09,102.9504733918584,159.4328814198816,520.7306806818942,True
mejillones,Mejillones al vapor,Tapas,Tapas,Dog,1426,9.87,10.37,3.51,-1.09,148.0957957728042,197.69969060180665,514.9980966409203,True
boquerones,Boquerones en vinagre,Tapas,Tapas,Dog,872,8.27,8.69,1.93,-1.09,25.79720132381408,55.69214176911282,246.91940294743472,True
ensalada,Ensalada mixta,Tapas,Tapas,Dog,426,9.37,9.84,2.29,-1.09,16.67906421867383,32.996928745651985,137.37648245249466,True
btl_w04,Rioja crianza (botella),Vino botella,Vino botella,Plowhorse,531,23.63,24.81,7.78,-0.93,113.19140799786328,226.26449712173599,452.6017508170771,True
btl_w02,Albarino Rias Baixas (botella),Vino botella,Vino botella,Plowhorse,395,29.6,31.08,9.52,-0.93,100.39013283537042,206.8702115375454,420.0103032556708,True
btl_w05,Ribera del Duero roble (botella),Vino botella,Vino botella,Plowhorse,422,27.61,28.99,9.32,-0.93,110.56902543758952,214.36078928458028,422.1197084699206,True
btl_w01,Verdejo Rueda (botella),Vino botella,Vino botella,Plowhorse,426,21.62,22.7,6.43,-0.93,66.29015983114732,152.96506887625128,326.4613537090727,True
btl_w08,Cava brut nature (botella),Vino botella,Vino botella,Plowhorse,372,24.63,25.86,7.36,-0.93,66.80285572853973,152.84379370926035,325.0710651035479,True
btl_w10,Jerez fino (botella),Vino botella,Vino botella,Plowhorse,297,24.62,25.85,8.16,-0.93,66.84086444087916,132.53496649240606,264.0341831277183,True
btl_w03,Godello Valdeorras (botella),Vino botella,Vino botella,Plowhorse,246,27.67,29.06,8.45,-0.93,52.13208824409503,115.52002873626225,242.4030252084258,True
btl_w06,Mencia Bierzo (botella),Vino botella,Vino botella,Star,219,31.32,32.89,10.35,-0.93,62.24903286879089,123.98602374872553,247.5643311554577,True
btl_w07,Garnacha Gredos (botella),Vino botella,Vino botella,Star,192,35.26,37.02,11.52,-0.93,60.0202977367735,121.2665822038125,243.86264756934906,True
btl_w11,Rioja reserva (botella),Vino botella,Vino botella,Star,180,37.16,39.02,11.99,-0.93,57.81553636303124,118.66040891711509,240.45297213476624,True
btl_w13,Ribera crianza (botella),Vino botella,Vino botella,Star,137,41.36,43.42,13.66,-0.93,51.424312854504024,102.4169051035201,204.48825893205867,True
btl_w17,Rueda superior (botella),Vino botella,Vino botella,Star,141,34.26,35.98,11.7,-0.93,46.89084663925314,89.70306643336471,175.3998518301555,True
btl_w20,Cava reserva (botella),Vino botella,Vino botella,Star,145,32.47,34.1,11.43,-0.93,48.52135944069505,89.624664924424,171.90073390840826,True
btl_w21,Vino natural tinto (botella),Vino botella,Vino botella,Puzzle,108,39.35,41.32,12.78,-0.93,37.214827963589414,75.76406487307031,152.92768074089736,True
btl_w14,Priorat (botella),Vino botella,Vino botella,Puzzle,79,53.88,56.57,18.74,-0.93,42.871143862010285,80.24570267645095,155.05797733597046,True
btl_w19,Champagne (botella),Vino botella,Vino botella,Puzzle,57,77.61,81.49,29.24,-0.93,51.81592788488251,89.0629788708261,163.6200224055019,True
btl_w22,Vino natural naranja (botella),Vino botella,Vino botella,Puzzle,93,43.05,45.21,14.2,-0.93,36.22684336985776,72.28830817201333,144.47217588796047,True
btl_w09,Rosado Navarra (botella),Vino botella,Vino botella,Plowhorse,191,19.63,20.62,5.89,-0.93,27.58988227895452,62.758891082252376,133.15633869249223,True
btl_w15,Toro (botella),Vino botella,Vino botella,Puzzle,105,32.38,34.0,11.36,-0.93,34.79237417593686,64.53203625936521,124.06161570170843,True
btl_w12,Rioja gran reserva (botella),Vino botella,Vino botella,Puzzle,56,63.97,67.17,25.6,-0.93,46.74179274965309,75.8559018316837,134.13331818664346,True
btl_w16,Ribeiro blanco (botella),Vino botella,Vino botella,Dog,106,28.66,30.1,8.99,-0.93,24.681750463307708,52.663265512020644,108.67357989745688,True
btl_w18,Chardonnay Somontano (botella),Vino botella,Vino botella,Puzzle,89,32.27,33.88,10.55,-0.93,25.494234480415344,51.468406068896,103.46064144426373,True
btl_w26,Tempranillo joven (botella),Vino botella,Vino botella,Plowhorse,130,18.63,19.56,5.58,-0.93,17.70880176217338,40.44580228959194,85.95822524115533,True
btl_w25,Cabernet Penedes (botella),Vino botella,Vino botella,Dog,85,28.56,29.99,9.3,-0.93,21.359055801755858,43.35595964144386,87.38693857243675,True
btl_w23,Manzanilla (botella),Vino botella,Vino botella,Dog,86,27.69,29.08,10.09,-0.93,26.203162092660932,46.62671357698582,87.50832908324855,True
btl_w24,Amontillado (botella),Vino botella,Vino botella,Puzzle,50,44.52,46.75,16.06,-0.93,24.03481042318913,43.22643072891856,81.64210211120394,True
btl_w30,Gran Reserva 2005 (botella),Vino botella,Vino botella,Puzzle,21,101.81,106.9,40.92,-0.93,28.1100786432969,45.437792728707336,80.12250196675996,True
btl_w27,Bobal Utiel-Requena (botella),Vino botella,Vino botella,Dog,80,22.62,23.75,7.08,-0.93,14.649033478510546,31.32600540688668,64.70813068063649,True
btl_w29,Blanco Gredos (botella),Vino botella,Vino botella,Puzzle,35,47.37,49.74,17.12,-0.93,17.982915812752708,32.25967424436203,60.83731654740632,True
btl_w28,Tinto Mallorca (botella),Vino botella,Vino botella,Puzzle,31,49.32,51.79,19.42,-0.93,19.380682728311967,31.931536894753663,57.05445416511418,True
glass_w04,Rioja crianza (copa),Vino por copa,Vino por copa,Plowhorse,3680,4.93,5.17,1.56,-0.58,149.62173170694223,535.0167387546826,649.1067062550119,True
glass_w02,Albarino Rias Baixas (copa),Vino por copa,Vino por copa,Star,2490,6.19,6.5,1.91,-0.58,120.13610956516277,451.6014971245786,549.726471767679,True
glass_w05,Ribera del Duero roble (copa),Vino por copa,Vino por copa,Star,2648,5.7,5.98,1.86,-0.58,134.12774857367185,450.0753283196955,543.6065065805633,True
glass_w01,Verdejo Rueda (copa),Vino por copa,Vino por copa,Plowhorse,2739,4.63,4.86,1.29,-0.58,77.30005423094735,360.8632337737472,444.80753337989154,True
glass_w08,Cava brut nature (copa),Vino por copa,Vino por copa,Plowhorse,2459,5.13,5.38,1.48,-0.58,83.98404775832933,362.262169161173,444.6419126615074,True
glass_w06,Mencia Bierzo (copa),Vino por copa,Vino por copa,Star,1492,6.19,6.5,2.07,-0.58,85.97950990319623,277.3077953802467,333.94744424125565,True
glass_w03,Godello Valdeorras (copa),Vino por copa,Vino por copa,Puzzle,1430,5.69,5.97,1.69,-0.58,58.37221939035862,235.84137381625442,288.3782507619726,True
glass_w07,Garnacha Gredos (copa),Vino por copa,Vino por copa,Puzzle,1208,6.99,7.34,2.31,-0.58,76.39213792404098,252.41451262202918,304.52309379556846,True
glass_w10,Jerez fino (copa),Vino por copa,Vino por copa,Plowhorse,1853,4.62,4.85,1.63,-0.58,88.85513504237588,261.79005940598927,312.9846507720167,True
glass_w09,Rosado Navarra (copa),Vino por copa,Vino por copa,Dog,1201,4.33,4.55,1.18,-0.58,30.096545159400648,147.2864944592675,181.97868626893114,True
