item_id,name,category,units,revenue,cost,delivery_cost,card_fee,contribution,food_cost_pct,contribution_pct
aceitunas,Aceitunas,Tapas,6623,30771.030000000002,3674.44399,1290.0736091266474,253.43164,25553.080760873352,0.1194124470321598,0.8304265655349642
agua,Agua,Bebidas,8139,20584.21,2881.6011,284.2154688467867,166.24146,17252.151971153213,0.13999085221147667,0.8381255326851608
anchoas,Anchoas del Cantabrico,Tapas,2940,36367.0,9151.922711693365,1575.1226624534777,305.0168,25334.937825853158,0.25165459652138933,0.6966463504235476
bacalao,Bacalao confitado,Tapas,2391,40678.94,10489.570811681819,1549.6471371289144,345.87883,28293.843221189265,0.2578624421305427,0.6955403267929121
berenjena,Berenjena frita con miel,Tapas,3969,34585.18,6584.913341636364,1335.5293854466331,287.34145,26377.395822917006,0.19039696603100992,0.7626791539878354
boquerones,Boquerones en vinagre,Tapas,1689,13874.42,3190.2137985974027,621.5988565487467,115.57986000000001,9947.027484853852,0.2299349305122234,0.7169328508762062
bravas,Patatas bravas,Tapas,9864,66291.02,12309.542010202047,2528.159547893168,550.4598,50902.858641904786,0.18568943440909563,0.7678695944323195
brownie,Brownie con helado,Postres,3018,18045.6,3581.571706,559.591274965899,150.3612,13754.075819034102,0.1984734065921887,0.7621844559911615
btl_w01,Verdejo Rueda (botella),Vino botella,831,17686.8,5320.8752,118.47845229773755,140.2456,12107.200747702262,0.3008387724178484,0.6845331404042712
btl_w02,Albarino Rias Baixas (botella),Vino botella,715,20959.7,6847.4023,60.25124159635821,170.9213,13881.125158403644,0.3266937169902241,0.6622769008336781
btl_w03,Godello Valdeorras (botella),Vino botella,448,12247.7,3822.9022,57.87269101868225,98.1266,8268.798508981317,0.3121322534026797,0.6751307191539079
btl_w04,Rioja crianza (botella),Vino botella,1073,24986.2,8156.205,138.94360136430015,200.4079,16490.643498635698,0.32642838847043565,0.6599900544554873
btl_w05,Ribera del Duero roble (botella),Vino botella,807,22022.3,7354.2005,88.45183125225977,177.6379,14402.00976874774,0.33394334379242857,0.6539739159282972
btl_w06,Mencia Bierzo (botella),Vino botella,446,13639.2,4514.2844,72.1099080885615,108.61179999999999,8944.193891911438,0.33097867910141354,0.6557711516739573
btl_w07,Garnacha Gredos (botella),Vino botella,377,13031.6,4358.8402,41.55575649121133,101.7522,8529.451843508788,0.3344823505939408,0.6545206915120775
btl_w08,Cava brut nature (botella),Vino botella,709,17218.9,5166.0607,80.41200070240043,136.2746,11836.1526992976,0.30002269018346117,0.6873930796565169
btl_w09,Rosado Navarra (botella),Vino botella,388,7490.4,2240.4886,46.38210805507575,59.1712,5144.358091944924,0.299114680123892,0.6867935079494986
btl_w10,Jerez fino (botella),Vino botella,543,13205.5,4363.653,36.285841780599334,102.2428,8703.318358219401,0.3304420885237212,0.6590676883283028
btl_w11,Rioja reserva (botella),Vino botella,352,12852.8,4258.9178,95.56356979676845,102.00739999999999,8396.311230203231,0.3313610886343832,0.6532670881211279
btl_w12,Rioja gran reserva (botella),Vino botella,96,6050.1,2394.078,0.0,49.8531,3606.1688999999997,0.3957088312589874,0.5960511231219318
btl_w13,Ribera crianza (botella),Vino botella,267,10837.8,3607.8598,11.732540861812778,79.464,7138.7436591381875,0.3328959567439887,0.6586893704569367
btl_w14,Priorat (botella),Vino botella,159,8390.3,2984.3366,30.2249955606066,63.5019,5312.236504439394,0.3556889026614067,0.6331402338938291
btl_w15,Toro (botella),Vino botella,219,6932.2,2441.9326,39.25270709155117,58.0943,4392.920392908449,0.3522593981708549,0.6336978726679047
btl_w16,Ribeiro blanco (botella),Vino botella,203,5745.9,1797.502,41.89782803514072,44.8239,3861.6762719648596,0.31283210637149966,0.6720750921465497
btl_w17,Rueda superior (botella),Vino botella,258,8684.3,2979.3849,8.724375,68.8523,5627.338425,0.34307715072026534,0.6479898696498279
btl_w18,Chardonnay Somontano (botella),Vino botella,165,5223.8,1726.395,9.280042918454937,45.662099999999995,3442.462857081545,0.3304864275048815,0.6589959142925733
btl_w19,Champagne (botella),Vino botella,111,8473.6,3221.5017,22.828330019880717,64.6261,5164.643869980119,0.3801809974509063,0.6094981908492398
btl_w20,Cava reserva (botella),Vino botella,273,8668.2,3002.8594,37.223335856509664,65.6073,5562.50996414349,0.3464224867907985,0.6417145386750985
btl_w21,Vino natural tinto (botella),Vino botella,200,7742.2,2542.5509,44.87066602608099,60.920199999999994,5093.858233973919,0.32840160419519004,0.6579342091361524
btl_w22,Vino natural naranja (botella),Vino botella,165,7023.8,2334.4019,24.688064497618637,55.7986,4608.911435502381,0.3323559753979327,0.6561848907290044
btl_w23,Manzanilla (botella),Vino botella,167,4557.6,1681.9784,15.67502522754254,37.7883,2822.1582747724574,0.36904914867474103,0.619220263904787
btl_w24,Amontillado (botella),Vino botella,92,4023.4,1442.2246,25.143070967741934,32.2377,2523.794629032258,0.3584591638912363,0.6272790746712378
btl_w25,Cabernet Penedes (botella),Vino botella,157,4437.0,1424.5946,32.19049829094895,35.3518,2944.863101709051,0.32107157989632634,0.6637059052758736
btl_w26,Tempranillo joven (botella),Vino botella,241,4417.3,1309.9167,21.406219884730948,36.456199999999995,3049.520880115269,0.29654239014782785,0.6903585629491474
btl_w27,Bobal Utiel-Requena (botella),Vino botella,148,3305.6,1044.4498,0.0,26.7476,2234.4026,0.31596375847047437,0.6759446393998064
btl_w28,Tinto Mallorca (botella),Vino botella,59,2868.2,1116.3994,0.0,19.714199999999998,1732.0864,0.38923345652325503,0.603893173418869
btl_w29,Blanco Gredos (botella),Vino botella,87,4045.4,1466.4634,13.282945736434108,29.7374,2535.916254263566,0.36250145844663073,0.6268641554020778
btl_w30,Gran Reserva 2005 (botella),Vino botella,38,3784.4,1550.8728,59.142739047159665,29.658199999999997,2144.72626095284,0.40980678575203466,0.5667282160852024
cafe,Cafe solo,Cafe,6160,11049.84,780.7714172999999,0.0,86.85864,10182.209942700001,0.07065906993223431,0.9214803058415326
cafe_leche,Cafe con leche,Cafe,4679,9329.0,814.2611347,0.0,73.6978,8441.0410653,0.08728278858398542,0.9048173507664272
calamares,Calamares fritos,Tapas,5448,70033.95,19746.76719577778,2619.1887489864557,583.8965,47084.09755523576,0.28195992366242056,0.6723038976844197
cana,Cana de cerveza,Bebidas,30068,84978.07999999999,16247.313229166668,1108.001658556041,685.22344,66937.54167227728,0.19119416712129375,0.7877036251263536
carrillera,Carrillera al vino,Tapas,3010,46445.1,14863.520940751632,1878.2844829126875,384.97733999999997,29318.31723633568,0.3200234457618055,0.6312467243333674
cerveza_gr,Cerveza grande,Bebidas,8064,36750.3,8712.972833333333,514.1858379790312,301.08011999999997,27222.061208687635,0.2370857607511594,0.7407303126420093
chorizo_sidra,Chorizo a la sidra,Tapas,3515,34417.5,7140.176626852846,1453.0240195690355,287.76626999999996,25536.53308357812,0.20745773594400657,0.7419636255851855
croquetas,Croquetas de jamon,Tapas,9860,91653.36,57698.332510941174,3592.9619284553287,763.6442,29598.421360603497,0.629527739200627,0.3229387483514352
ensalada,Ensalada mixta,Tapas,1184,10983.7,2666.6668916859903,448.6247521699913,90.53286,7777.875496144019,0.2427840246625445,0.7081289088507533
ensaladilla,Ensaladilla rusa,Tapas,6503,50172.45,7867.994039470588,1973.9456380676272,418.6610999999999,39911.84922246179,0.15681901201696527,0.795493327961098
gambas_ajillo,Gambas al ajillo,Tapas,3812,52816.7,19506.824117630844,2052.9624467929893,437.19115,30819.72228557617,0.3693306116745432,0.5835223004386145
gin_tonic,Gin tonic,Bebidas,5279,48361.5,8284.423352777778,643.4523125932163,389.17834999999997,39044.445984629005,0.17130203473378158,0.8073456361905442
glass_w01,Verdejo Rueda (copa),Vino por copa,5281,24088.04,6772.669400000001,0.0,193.42454999999998,17121.94605,0.28116315814819304,0.7108069419512754
glass_w02,Albarino Rias Baixas (copa),Vino por copa,4643,28294.41,8903.26138,0.0,224.71548,19166.433139999997,0.31466503030103826,0.67739292460949
glass_w03,Godello Valdeorras (copa),Vino por copa,2791,15605.64,4765.43656,0.0,125.12510999999999,10715.07833,0.305366300901469,0.6866157575081829
glass_w04,Rioja crianza (copa),Vino por copa,7049,34249.4,10725.07394,0.0,273.1674,23251.158659999997,0.3131463307386407,0.6788778390278368
glass_w05,Ribera del Duero roble (copa),Vino por copa,5105,28557.86,9297.35704,0.0,226.2172,19034.28576,0.32556210584406536,0.6665165303002395
glass_w06,Mencia Bierzo (copa),Vino por copa,2862,17423.07,5807.75884,0.0,138.3261,11476.985059999999,0.33333728441658106,0.6587234660711344
glass_w07,Garnacha Gredos (copa),Vino por copa,2266,15607.689999999999,5241.38986,0.0,120.25232999999999,10246.04781,0.33582098696219626,0.6564743283599304
glass_w08,Cava brut nature (copa),Vino por copa,4644,23501.78,6779.1565,0.0,186.38268,16536.24082,0.2884528959083099,0.7036165269183866
glass_w09,Rosado Navarra (copa),Vino por copa,2279,9722.26,2637.31068,0.0,77.26598,7007.6833400000005,0.271265187312415,0.7207874856257702
glass_w10,Jerez fino (copa),Vino por copa,3559,16215.64,5714.8472,0.0,127.74211999999999,10373.05068,0.3524281002784966,0.6396941890668516
huevos_rotos,Huevos rotos con jamon,Tapas,6692,79403.9,39487.790030823526,2945.106836518331,665.0979500000001,36305.90518265814,0.49730290364608704,0.45723075544977193
jamon_racion,Jamon iberico (racion),Tapas,4975,112717.76999999999,45882.11262092879,4400.235305514379,952.6172699999998,61482.80480355683,0.40705305490810184,0.5454579593222687
lomo,Lomo a la plancha,Tapas,2439,30153.6,6213.9236933644,1195.8201800905674,252.51489999999998,22491.341226545035,0.2060756822855115,0.7458924051040352
manchego,Queso manchego curado,Tapas,4397,49609.64,6953.432381858904,2028.5736585154089,408.42867999999993,40219.20527962568,0.1401629276458951,0.8107135080928966
mejillones,Mejillones al vapor,Tapas,2686,26305.12,9500.085037555556,1038.9924356950385,219.20293999999998,15546.839586749405,0.3611496559436169,0.5910195272536072
padron,Pimientos de padron,Tapas,4214,32517.12,8182.528251263158,1208.8858807666359,269.08793999999995,22856.617927970205,0.2516375451227894,0.7029102801222926
pan_tomate,Pan con tomate,Tapas,6476,26874.68,5455.163535189931,1059.6735135654058,223.87266,20135.970291244666,0.20298524615697494,0.7492543275397016
pulpo,Pulpo a la brasa,Tapas,4606,87492.79,21976.08289238656,3238.156713645026,722.89569,61555.654703968416,0.2511759299524745,0.7035511692331268
refresco,Refresco,Bebidas,9875,27924.609999999997,5614.832,412.08510877868855,226.31223999999997,21671.38065122131,0.2010710982176654,0.7760674419883147
tabla_quesos,Tabla de quesos,Tapas,2776,45599.380000000005,7951.965202984324,1835.1846654844467,377.36336,35434.86677153123,0.17438757287893658,0.7770909773670438
tarta_queso,Tarta de queso,Postres,4297,27850.55,3068.357709,803.8294531741944,226.1974,23752.165437825806,0.11017224826798752,0.8528436758996073
tartar,Steak tartar,Tapas,1661,28244.899999999998,8132.932428304093,1058.9438010767308,240.40422999999998,18812.619540619176,0.2879433960928909,0.6660536783850953
torrija,Torrija caramelizada,Postres,2474,14798.4,2885.0612860526317,438.22847148113783,123.60480000000001,11351.50544246623,0.1949576498846248,0.7670765381707638
tortilla,Tortilla de patatas,Tapas,9387,81812.94,14418.20174082353,3194.8327244649895,684.94965,63514.95588471149,0.17623375643050512,0.7763436430069801
vermut,Vermut de grifo,Bebidas,9282,42329.020000000004,7132.84188,547.051095270174,341.42812,34307.69890472983,0.16850949726688685,0.8105006660851072
