seed,policy,waste_cost,expiry_cost,lost_margin,lost_units,purchases,end_stock_value,leak
0,baseline,9727.955832882028,7131.925265359849,25587.874511838407,3340,67300.8698725,3433.1207209126255,35315.83034472044
0,forecast,5980.7797706436095,3257.8549914203395,21047.37174873677,2679,63450.5191225,1854.5899342694588,27028.15151938038
1,baseline,9722.553004708596,7090.214467887699,25589.15241085552,3362,67549.47842249999,3594.20401060603,35311.705415564116
1,forecast,5934.228428212789,3299.264781231964,21319.989721862876,2693,63405.582834999994,1951.4820692272776,27254.218150075663
2,baseline,9737.173555524943,7120.7002400485235,25355.97717372395,3338,67453.626035,3474.2473982470365,35093.1507292489
2,forecast,5927.234363046377,3270.6372067455577,21165.180264962743,2666,63547.415525000004,1879.052552096749,27092.41462800912
3,baseline,9637.003917761725,7090.444258313047,25343.44878663259,3336,67450.81963750001,3518.9410063543733,34980.452704394316
3,forecast,5959.12225038418,3247.405598845651,21100.641934806223,2668,63735.259829999995,2029.8857321335447,27059.764185190405
4,baseline,9741.608196395857,7096.940273075084,24963.32966903936,3247,67619.4665925,3546.028370573721,34704.93786543522
4,forecast,6016.213569107876,3308.1275017348466,21766.664206851125,2760,63312.725545,1923.418186122063,27782.877775959
5,baseline,9720.463267084719,7107.0106553499845,24762.11303411824,3249,67658.676395,3482.826344930926,34482.57630120296
5,forecast,6035.358482976766,3306.406155570711,21640.926862846303,2723,63430.67507750001,1910.8499668097597,27676.285345823067
6,baseline,9782.46123833489,7112.513038969932,25324.50324979113,3345,67501.613685,3447.299273155175,35106.96448812602
6,forecast,6057.614541779469,3327.399654327128,21489.03570913744,2700,63486.3902,1988.5943509073093,27546.650250916908
7,baseline,9674.138431908266,7076.12137320225,25245.436413377916,3324,67481.5200325,3501.7558461197027,34919.57484528618
7,forecast,5989.415851287192,3317.5838803868974,21248.037666219774,2681,63452.895335,1974.622508608331,27237.453517506965
8,baseline,9728.783361370097,7100.074021501005,24997.214890284366,3290,67808.3893,3522.3894219326735,34725.99825165446
8,forecast,6017.898279006141,3315.1828072021694,21463.351667236395,2730,63395.0122625,1860.9682038996789,27481.249946242537
9,baseline,9792.722600206684,7142.500948437719,25231.184584194503,3325,67680.9307825,3526.496726812329,35023.907184401185
9,forecast,6043.376974078477,3294.8085579802346,21287.032990455606,2685,63606.58647750001,1984.9269846981135,27330.409964534083
