status_quo,recommendations
136574,182283
127456,172177
152707,198720
148278,194010
113181,158125
116464,161566
151561,197025
140649,186095
150475,196016
134196,179754
164184,210049
149602,195560
154437,199656
149814,195678
165203,211260
135533,180687
151073,196689
119090,163900
165668,211792
141948,187394
149792,196193
134340,179966
149909,196321
139477,185052
151083,196726
148397,193784
150139,196120
155937,202526
148693,194862
145321,191293
189608,237143
138430,184080
129474,175022
128559,174049
152886,199189
165159,211353
138326,183691
122749,168445
135416,180563
157392,202993
155324,201405
144707,190387
119427,164895
152753,198315
139052,184197
147519,193996
164024,210019
147452,193143
156817,202818
152703,197787
150678,196847
162437,208317
111500,156306
143510,188668
126678,172012
137289,182594
136855,182372
178008,224812
125229,170643
155847,202019
116382,161279
144962,190487
145590,191433
150969,197345
161303,207921
157605,203384
141027,186550
139265,184597
163402,209249
130168,175331
133849,179271
129772,175223
134766,180336
163804,209943
163091,209114
161730,207721
141773,187461
134336,180116
141492,187274
145879,191208
151611,198134
129443,174842
128487,173684
133046,178482
123901,168559
145407,191368
134861,180668
147544,193147
155814,201667
140978,186670
148248,193999
142516,188361
144332,189769
137280,183041
120535,164931
125195,170060
121338,166435
132459,177521
137064,182664
126781,172364
143539,188778
169947,216410
148902,193953
155015,201176
126187,171762
140336,185470
141677,187120
128896,174455
148950,195526
126278,171394
157671,203477
137281,182590
136550,182204
130704,175616
150560,196165
133461,178687
144470,190506
137358,182894
173689,220241
151857,197704
134163,179939
155739,201323
147922,193846
153392,200113
158212,204098
161449,207396
160445,207171
135418,180311
126663,172483
121192,165841
137930,183172
120229,164642
160125,206155
140154,185764
115611,160668
125604,170571
150720,196090
153282,198996
172336,219157
190594,237822
146118,192041
128436,173485
114553,158537
145247,190502
130089,175781
140614,186166
143918,189214
146684,192511
149769,196288
149202,194823
141110,186843
123793,169088
112267,156681
127237,173288
146215,191983
167918,214912
134904,180660
149329,195570
125332,170720
129768,174481
129602,174260
121323,166832
200872,248110
124830,170653
169518,215492
125348,170262
155271,201254
136847,182255
146954,193067
130997,177145
144916,190390
162002,207984
135132,180759
126855,172118
124235,168962
148609,194912
168082,214113
144394,190278
145462,191311
153097,199419
171300,217498
150405,196486
139824,184737
159655,206064
139319,184558
167189,213820
140566,186856
118550,163195
126080,171453
179015,225629
170418,217399
136336,181895
134108,179417
164004,210636
136460,181621
128305,173681
146123,191901
135093,180690
143034,187971
135064,180342
143349,188850
161825,207616
150703,195996
154232,200612
110311,154700
142730,188892
122259,167202
112628,157878
120920,165513
134502,180086
167648,213421
121253,166335
141107,187625
134415,179528
135799,181461
166230,212428
144786,190706
162094,208382
132721,179065
133640,179125
133292,178218
144740,190272
148627,194868
119156,163835
143717,189851
136657,182428
176341,223140
175231,221685
123430,168738
127908,172954
114252,159499
137322,182561
142445,188160
158181,204408
124608,169918
143679,189256
114638,158575
147604,193304
117633,162589
134123,179922
128802,173399
145875,191626
110557,154539
124578,168784
169008,216284
127913,172925
117138,162065
176214,223305
188140,235835
124795,169843
134333,179423
150383,196256
173976,220702
121690,166548
151107,197035
162926,209049
156906,202747
143649,189898
143065,188783
118592,163048
149406,194537
147417,193154
145042,190739
140277,185464
145482,191250
165440,211494
138384,183988
143540,189540
146408,191685
140441,186177
133003,178133
142866,188903
149436,195579
188831,234997
165383,211956
146851,192715
124939,170750
131563,177307
156513,202803
141154,186530
149370,194857
117168,162070
161590,207597
151967,197701
131669,176900
145440,191188
148992,195146
151154,197147
133385,178797
146601,192220
146685,192070
152159,198092
152486,198617
107584,151712
149409,195069
154080,200346
151883,197919
130995,175396
111656,156538
142638,188320
169154,215869
116508,161356
155565,202098
141774,187214
142176,187102
119607,165085
132473,178363
167284,213455
151693,197520
169849,216712
156888,203981
147554,193522
168388,214580
155345,201602
148129,193762
142862,188166
156570,202528
138324,184219
152754,199066
117957,162366
155924,201869
143286,188276
167931,214631
152032,198239
179178,226227
146604,192520
118872,163967
139864,185399
126593,171665
137329,182411
161969,208547
141273,187401
122431,167732
128542,173635
132290,178238
132575,178148
144941,190109
148376,194445
172719,219691
143647,189151
105851,149749
143605,189691
144233,190010
135392,181016
163382,209734
119414,163568
136991,182746
154462,200816
123756,168424
153580,200341
144181,189604
160079,206096
122678,168254
162121,207780
166123,212472
145048,190517
136055,181422
145495,190846
118654,164418
132641,177754
134995,180717
147447,192717
158222,204235
118983,164310
144279,190152
172541,219621
129508,174759
115727,160732
149011,194812
150475,195945
129799,175441
183359,230106
150895,196909
156946,202949
148332,194367
178136,224981
131457,177409
101467,146128
172857,219290
134552,179855
139907,185303
167714,213983
123782,168373
122813,168624
128614,174000
137487,182876
148672,194497
156116,202458
150790,196477
136204,180862
105859,150212
159343,205122
135098,180433
148239,193631
152562,198857
145891,191708
159830,206334
141124,186990
152712,198227
135755,180538
128466,173806
141618,186968
151738,197876
136342,181674
146510,192353
132764,178385
139086,184581
161281,207162
111274,156284
114830,159943
128429,173770
109085,153056
135472,180777
161989,207906
135772,181061
150201,196007
167929,213983
167341,213710
143464,188725
160361,206579
150659,196278
119001,164343
127067,172321
123866,169052
127172,172309
128186,173316
154430,200516
162566,209468
120471,165887
158845,205107
119530,164249
142754,188618
145959,191423
113606,158193
149738,195604
132887,178220
137749,183526
133004,177901
131410,176934
152294,198202
132619,179003
147343,193136
142754,188648
168491,215497
138277,183463
119453,164195
146857,192985
144264,189558
158479,204661
152989,199033
132608,178340
144241,190304
170646,217260
169918,216219
144797,191155
150865,197101
163102,209532
140036,184876
158152,203646
138953,184490
145106,190999
126539,171734
118385,162970
112106,156383
121575,166882
136490,182069
145901,191239
180264,227119
164019,210287
138263,183406
144611,190545
132311,178407
133332,178708
146181,192305
165481,211601
130205,175457
164447,211053
114029,158868
131842,177345
187497,234121
149751,195793
169697,215971
144881,190540
141560,187318
143824,189335
142297,188219
118050,163430
154907,200747
132423,177410
148139,193761
161565,207476
151809,197784
134640,180578
156388,202403
133831,179514
150872,197337
112659,157760
141681,187660
112504,157359
132012,177248
168176,214228
164012,210653
143593,189541
123645,168098
107383,151722
140174,185782
184058,231173
143570,189585
142425,188371
149063,195104
111249,155793
144322,189791
132606,178347
148887,194419
160783,206550
140732,186282
147219,192889
134026,179547
158724,205180
149234,195701
118363,163400
135194,180458
164407,210594
142390,188116
161613,208304
140502,185573
163066,209073
134622,180695
138488,184538
169165,215530
127777,172775
124259,169656
125620,171061
145334,191068
108277,153480
150988,197019
139630,185172
152635,199103
96371,140432
129467,175312
113904,158975
140791,185888
148944,195403
149325,195021
146471,191848
150042,196254
146162,191738
137054,182246
155032,200961
163700,209845
147405,192516
155683,201911
139487,185228
164373,211031
136398,181823
141621,186847
136910,182378
134988,180158
124786,169590
138489,183220
126080,171649
169389,215530
132138,177673
130259,175017
155688,201598
146411,192686
132781,178497
138390,184302
147619,193434
142878,188234
118524,163491
147133,192312
163181,209194
132571,177632
142250,188545
120678,165551
157550,203740
159576,205456
145815,191961
152406,198299
106314,150795
121648,166922
127750,173384
119005,163726
139858,185868
183486,230618
133339,177998
132525,177911
147116,192717
184955,231374
115543,160266
145700,191520
170404,217591
121179,166043
120193,164782
130831,175994
124046,169447
141773,188052
142712,188695
118300,163256
148485,194096
131394,176379
156004,202199
137437,183019
136304,181231
158666,204328
162884,208994
144939,190660
127034,172038
153461,199512
136659,182175
140677,186520
111650,156506
152870,198401
127441,172750
125165,170285
145834,191802
140688,186246
136023,181085
166264,212691
129170,174403
145288,190952
143841,190141
129322,174458
146855,192750
142969,187983
139670,184830
178286,224851
124141,169067
106764,151518
163741,210516
200371,247233
145956,191644
112434,157504
136155,181696
149457,195292
136702,181948
131937,176210
153946,200117
157309,202707
122958,167908
142664,188811
181152,228259
156234,202008
131655,176974
129122,174955
151427,197186
124325,169553
148472,194389
137021,182443
177398,224036
127007,172820
164996,211817
120700,165798
162249,208346
143115,188989
127857,173745
143441,189316
158981,205634
131143,176187
102394,146869
133321,179089
114942,160141
133088,178869
130548,175802
121684,166325
122997,168241
154505,200278
130696,176485
107968,152643
152552,199126
143836,189371
140435,185580
121447,166718
161519,207766
148101,193619
175722,222618
147443,193864
147785,194226
150952,196779
163520,209380
149808,195564
167795,213729
132221,177407
137030,182680
138111,183231
157530,203044
171080,217270
128389,174056
137120,182817
147954,193385
143842,189879
154235,200378
109108,153515
127049,172134
117949,163312
99523,143551
127758,173024
138789,184077
136805,181645
152306,198580
132170,177906
125561,170847
152742,199093
161865,207930
129119,174637
121649,166828
155764,201660
145821,191523
143179,188913
147934,193853
168505,214151
132881,178052
138993,184951
136030,181326
123901,168493
125000,170476
149927,195926
138431,183723
135241,180153
136023,181749
156933,203031
124047,168056
124118,168758
125550,170518
159703,206573
147228,193365
161215,206815
132783,177913
126311,171808
165510,211525
146642,192775
158100,203753
148447,194076
151675,196943
149262,195039
159100,205166
159970,205927
111672,157057
109192,154080
164504,210482
165369,211533
128958,174519
125498,170105
156884,202857
151067,197451
176897,223554
143322,188841
138741,183999
134265,179261
148358,194505
138246,183960
126505,171571
169159,215520
171197,218056
160530,206643
115903,160843
158015,203879
138774,184906
149758,195866
163858,209826
154876,200640
141230,186576
158512,204508
142202,188702
114754,159421
148342,194068
128517,173386
127056,172147
170345,216513
174194,220720
165741,211982
143525,189241
162796,209029
137281,182722
142792,188898
140950,185918
149809,195796
145549,191830
129143,174578
141493,187043
137794,183523
157526,204166
158313,204233
150288,195974
146744,192107
146400,191942
144529,190074
121764,166612
152956,199075
136892,182179
119776,164658
152141,197691
145888,191961
136310,181240
148163,193794
152754,199042
168362,214943
162066,208000
143384,189454
137552,182821
120292,165125
155819,201766
160075,205855
161415,208124
164504,210299
141574,186875
127072,172436
139608,185401
142347,187605
149412,195382
133729,179443
150228,195710
138152,183442
131076,176417
151500,197705
127070,172660
141964,187864
147193,192800
127269,172486
134421,179907
174222,220397
124360,169328
102304,147284
118786,163256
139311,185118
150108,196130
149862,195444
143255,189198
99256,143379
132366,178195
159818,206767
130214,175601
134035,180035
134336,179719
128235,172627
141138,186584
168782,215192
172792,220071
142343,187990
178616,224646
144625,190593
167081,213662
138912,184362
149969,196063
147248,193467
200267,247833
152818,198777
132014,177149
163994,210016
133325,178752
137475,182656
150590,196710
153348,198681
152452,198457
141403,186933
145403,191300
145284,191190
108106,152806
146463,192504
135400,180784
109995,155023
141217,186763
145582,191025
132387,178047
169672,216108
120861,165764
126630,172345
138390,183785
146775,192655
135880,181586
133412,178607
141267,187159
147161,192999
109859,154968
125501,170440
130877,176039
145368,191118
136280,181668
137814,183514
136561,181832
161432,208261
119715,164390
122014,167263
130504,175609
150159,195874
165379,211746
136941,182507
108620,153475
123913,168467
131956,176812
132169,177726
148885,194388
142571,188229
133269,178853
172109,218539
142473,188012
114402,158827
153263,199502
111081,155926
136181,182144
145043,190165
143979,189402
172535,219146
139931,185522
177676,224986
146269,191879
119767,164537
143930,189622
134279,179279
129779,174189
156970,202878
150585,196308
132295,177713
148993,195440
154529,201063
157530,204016
152172,197752
168722,215137
118826,164116
136168,181191
127193,172197
150142,196113
132809,178305
149530,194436
183934,231165
134051,179064
139844,185687
145240,190519
136941,182505
149877,194981
154636,200335
157654,203897
172043,218427
146412,192474
150402,196368
130553,175759
157901,203343
165992,212420
146720,192840
139442,185190
154389,200015
147797,193666
169708,216134
159029,205077
129262,174911
150666,196672
112001,156342
151053,197141
84509,128347
113442,158489
153169,198730
159966,205636
124173,169005
130065,174733
164791,211065
147005,192801
174567,221743
149861,195572
144794,190806
172784,219579
137135,182613
142185,187401
140427,185915
149008,194773
117061,161794
141826,187141
121530,166774
161978,208264
123531,169234
143374,188657
146931,192901
138804,183956
164603,210789
130328,175360
132841,178028
160316,207014
134587,179908
134413,180453
151486,197769
142852,188576
121690,167140
142461,187660
163300,209328
143331,189080
150944,197096
125578,170907
160492,206364
143348,189035
131968,177660
157204,203429
176019,222857
165550,212208
179041,224953
157675,203144
145325,191721
159072,205487
145777,191603
158758,204687
155492,201684
149399,195449
139170,184878
128205,173494
147649,193695
144286,189949
149268,194978
154952,201258
139634,185058
164894,210933
147217,192960
132169,177005
171333,217972
148520,194099
115552,160551
116949,161747
127371,171968
144529,190232
147523,192963
135159,181002
151236,197538
148962,194933
153375,199672
149007,194953
158580,204745
106811,151073
148980,194761
103645,148246
147366,192801
142110,187604
163240,209320
157839,203671
153648,200058
126473,171735
153775,199973
130642,175616
149406,195201
159666,205830
132551,177482
152525,198839
147471,193611
130940,175511
166374,212804
149086,195543
145360,191154
124552,170224
133674,179006
140155,185949
159477,205556
143548,189112
153884,199533
122702,168130
141267,186878
145079,190723
173690,221087
116214,161611
186586,233552
148550,193793
152200,198214
152837,198390
161496,207385
136948,182756
173880,220129
137781,183156
157500,203548
134410,179379
141959,187223
119700,164355
152490,197926
168468,214891
139659,185173
144301,189602
125128,169889
139440,184588
130156,174719
132203,177472
139777,185414
177615,224011
178705,225770
137328,183168
190248,237022
143001,188748
148794,193956
146047,191860
143355,189246
139259,184975
138992,184270
120416,165679
123416,168040
154666,200739
153739,199428
143118,188818
152619,198637
170072,216059
163201,209111
125154,170469
163431,210173
163626,209892
140511,186346
158327,204272
147835,194462
158186,204117
157372,203428
148867,194292
147569,193064
131301,176818
153251,200246
120002,164670
133106,177553
157174,203593
158171,204431
161804,208467
143240,188357
120403,165845
143365,188766
135251,180735
144600,190318
166725,212695
146101,191571
151903,197266
123867,169245
151786,197407
146309,191059
137660,183000
131772,177189
135295,180934
130280,176154
166868,213255
141448,187121
137172,182615
111420,156633
130793,175726
135578,180832
131814,177379
172241,218959
141832,187183
174602,221347
138499,184298
132062,177361
139836,185235
151079,197033
178246,225004
104947,150045
111959,156969
141938,186880
153713,200234
159289,205145
142240,188039
135609,181381
147070,193270
163692,210155
146760,192661
165034,211173
145547,191298
143146,189383
161047,206635
148548,194242
140575,186511
162495,209658
99068,144111
125017,170144
120157,165479
137581,183509
131475,176866
129898,175349
120553,165434
125507,170227
184003,231270
185363,232464
135315,180762
140825,186454
130201,175048
101874,146873
138792,184517
125187,170663
133461,178427
127725,172598
130065,175158
143098,188729
151802,198536
159370,204970
127504,172728
150203,195726
135517,180740
155230,201041
138620,184314
132112,176654
141624,186576
157044,202833
156294,202141
148380,194010
172656,219183
158401,204515
143767,189476
154803,200871
192070,239485
165285,212039
131822,177378
128988,174231
178965,225445
125573,170554
130367,175053
133947,179529
147908,194509
135863,181479
134092,179697
131952,176880
128207,173271
131672,176950
183692,230273
152552,198302
159143,204876
132209,177817
145014,190536
129746,174655
99729,144066
130093,175630
105240,149953
119751,164281
125418,170694
169321,215900
155635,201419
166055,212539
163305,209629
165296,211383
124973,170494
150642,196588
144951,191315
138895,184119
157126,202526
165839,212037
139240,184902
138613,183876
115266,160113
148727,194659
150416,196066
116000,161731
145499,191207
153575,199391
155575,202670
171618,218118
157619,204057
139744,185113
180787,227257
139293,185047
170890,217494
146106,191424
142435,188571
116299,160872
141785,187996
123600,169106
155657,201349
174717,221735
131825,177531
154599,200732
131346,177038
138413,183744
138201,184336
147517,193201
182616,229889
129925,175465
163347,209787
149305,194827
144841,191257
142988,188258
148313,194858
134465,180045
130261,175819
149526,195257
153176,199065
156470,202127
173676,220590
167260,213952
136077,182093
143002,188680
123956,169705
142758,187990
124605,169737
178261,225443
142242,187935
140070,185625
169086,214986
108527,153152
129311,174407
145428,191840
134204,179748
146626,192375
122635,168200
133649,179260
188902,235354
166246,212980
152326,198430
132215,177767
135360,180836
100409,144606
152004,197460
147978,194075
114338,159024
124541,169392
118816,164674
136982,182267
142015,187378
108235,152909
148552,194318
151146,197550
139823,185592
100730,145056
119943,165133
155532,201758
93068,136932
134577,179972
125910,170615
165973,211902
138916,184239
149249,195003
153295,199245
179797,225721
133266,178407
160592,206223
120853,166100
161803,208166
139011,184571
131462,176309
151100,197270
130510,175310
148026,193535
170108,216307
135696,181642
119689,163888
137935,183994
155819,201701
108199,152627
124787,170327
155054,201550
147258,193050
144468,190380
170616,216532
152429,198049
158114,204525
193661,240626
141075,186736
135521,180820
150333,195807
139088,185029
126284,171675
134340,179678
169250,216402
151957,197479
138162,183337
163238,209182
138600,183884
142716,188194
157636,204082
109342,154802
148110,194061
173037,219671
141530,187732
127112,172388
138240,183811
130048,175446
147456,193248
141728,187607
174217,220134
110376,155064
157691,203822
139544,185021
144889,190928
117092,162410
167360,213553
166049,212255
150922,196859
118542,163168
156406,201977
146171,191919
120102,165544
145739,191635
162513,208903
148488,195210
138952,183812
148242,194541
176082,222554
159846,205793
99982,144024
147243,192723
147396,193423
123619,168297
146855,193064
162564,209174
131340,176078
153032,198354
122409,167309
128720,174367
163345,209525
133415,178665
154655,200190
112617,156914
176586,223084
156271,202201
145322,191009
147587,193634
116076,161015
162384,208185
128648,174452
141118,186559
133402,179144
127992,173432
150474,196465
132149,178063
148868,194503
144861,190949
154141,199309
140567,186123
188671,235912
126385,171175
164866,211209
164236,209915
134801,179754
183665,230704
151977,197511
151986,198863
138759,184558
140215,185714
136601,182219
145093,190933
179438,225663
153267,199353
116681,161727
148688,194451
152754,198824
157384,203458
162128,208704
131752,177424
132847,178326
121068,166819
115796,160303
143250,188540
138816,184500
150868,196337
92506,136772
128502,173366
146535,192752
133888,179320
139425,185619
113799,159044
164966,211661
138631,183739
155059,200604
182445,229453
168324,214898
144719,190554
142900,188494
137871,183555
136810,182853
134921,180981
132493,178428
174620,220605
144712,189464
179531,226582
134421,180151
176326,223496
142184,188046
161826,208473
134063,179593
129348,174662
146631,192577
156364,202770
147032,192636
128503,173128
132791,177498
124563,169458
117277,161809
154119,200048
148299,194368
139291,185019
105907,150325
139897,185654
150174,195649
175401,222378
124317,169494
130003,175112
175167,222164
156198,201135
145425,191067
145672,191287
154776,200435
161080,207224
127213,172504
155111,200845
120487,165854
163120,208836
142651,188197
128451,173273
139206,185207
125695,170911
133704,178747
129968,175499
116286,161577
150808,196729
131658,177064
155079,201304
130400,175680
131659,177404
140446,186099
166599,213181
146121,192136
140109,185770
150925,196907
119743,164490
147317,193437
180913,228045
141446,187179
154800,200151
151609,197897
152229,198439
112973,157857
123602,168213
149288,194901
123504,168751
163314,209726
140445,186380
113822,158670
134404,179408
103551,147118
153510,199000
144515,189773
136802,182686
147926,194188
164609,211391
142353,188151
110822,154791
159787,205945
145557,191843
149000,194486
171232,217992
121045,166004
173640,220227
128819,173886
152602,198864
119376,163791
139572,185212
183613,229945
146512,192211
159506,205796
143520,189581
125025,170248
165931,212372
139767,185633
121537,167107
130311,175734
168231,213920
130796,176141
124726,170107
133190,178660
128746,173678
137647,183681
113821,158485
135955,180799
132681,177916
152438,198837
162269,208581
143776,189308
139091,184764
145686,191843
127209,172200
128870,174036
138990,184125
136769,182460
112455,157686
146261,192519
159317,205572
129946,174569
144783,190516
145248,190970
155264,200974
141729,187528
111866,156831
130953,176139
153172,199020
159950,205914
97956,142406
151769,197904
162441,208830
141518,187052
135393,181503
121559,166853
142578,187948
113752,158228
106850,150950
153497,200291
119596,164796
133877,179738
115400,160131
120648,165639
143142,188503
126435,171545
156158,202124
153537,199098
157420,203768
130757,177322
163088,208700
123824,168972
137838,183079
162271,208705
166773,213934
117496,161717
150484,196061
167266,213428
145864,191701
165304,211415
145787,191362
132192,177851
152841,198380
142073,187570
140575,186100
151092,197355
128016,173165
146494,192035
193251,240661
114607,159279
139476,185692
123386,168536
153695,200176
155649,201636
159097,205630
152907,199431
155157,201013
159117,204966
114027,158377
169894,217114
146961,192895
166185,212630
123079,167964
119340,164385
144559,190370
153709,199263
152760,198019
160897,207675
123904,167896
178693,225293
133407,178562
138987,184379
121008,165987
148755,195180
112333,157190
156073,202689
118455,163126
152742,198639
144562,189778
160679,206709
142714,188482
144489,189366
137905,183404
172384,218400
149356,194907
136361,182235
148163,193673
117007,161632
155326,201551
114646,159345
154874,200438
139561,185036
184425,231238
132911,178356
139983,185564
168612,214797
153186,200338
129851,174940
146368,192173
154934,200101
144993,190378
126398,171609
146245,191576
116462,161107
132684,178087
151147,196549
140804,186238
112156,156973
156055,202246
150454,196457
126567,171753
150937,196751
108997,154104
123759,169429
124667,170303
168091,214647
134748,180076
157453,203710
132440,177421
139288,184732
143676,189386
152470,198605
126718,172037
116686,162029
109859,155021
132374,177532
133435,178762
149916,196204
150371,196366
191307,238210
117506,162570
136559,181828
138487,183443
131518,176585
148009,193929
104927,149428
161367,207351
152614,199602
135200,180247
156117,202195
167735,214054
157499,203069
142492,187951
119041,163174
154689,200924
145158,190987
123721,168935
145119,191255
137515,182944
141300,186394
151050,196877
118385,163547
173662,219833
113384,158061
134127,179118
185592,232223
155583,201658
151032,197349
131536,176643
144965,191099
144650,190247
141928,187348
137121,182289
146662,192687
142129,187861
131208,176288
130592,175570
163519,209108
120745,165628
145265,190986
122904,168267
154259,200080
132904,178595
166045,212272
158621,204414
111778,155465
153257,198906
119666,164910
152665,197840
151378,197220
137153,182887
163098,209107
129919,175386
130159,175179
126680,172290
131597,176658
156858,203211
166122,211843
164596,211183
186366,233220
126845,172215
152184,197554
130439,175554
129501,174959
131102,176370
136136,181137
121081,166692
147226,193018
115235,160207
162142,207873
140541,186061
188566,235351
146043,191560
132725,178927
129506,174897
170360,216901
162195,208263
150923,196459
133565,178587
154674,200820
127176,172242
173891,220366
172246,218127
142796,188455
97318,142562
124164,169621
164774,210941
160924,207361
158790,204562
116960,162303
141962,187968
174183,220828
111781,156166
132356,177901
143295,189179
143176,189115
116489,161489
141035,186753
142129,187194
145066,190908
128895,173948
134050,178966
147031,192263
143931,189630
146421,191789
146342,191436
149157,195140
104846,149779
146854,192742
138474,184506
153063,198476
170343,216764
112277,156867
114982,159910
143653,189430
142837,187997
150571,196221
134067,179592
160529,206420
152078,198209
136091,181800
140691,186853
114646,159602
146585,192625
174429,220965
157554,204358
140793,186828
149710,195569
161546,207575
179792,226758
126404,170965
146616,192048
151305,197333
146864,193127
129116,174602
152343,197941
152572,199066
134598,180366
137806,183402
140092,186118
168145,215317
126966,172037
134429,179789
160286,206194
152529,198278
122016,167206
133127,177935
118896,163125
143113,188979
128077,173294
133856,179612
155439,201070
132614,177678
145422,191044
131235,176718
156071,201949
163726,209757
126362,171694
141738,187332
166608,212920
153939,199467
123380,168875
145613,191207
124930,170128
170252,216830
156885,202701
143947,189947
151419,197683
143641,189107
157295,203313
142579,187771
138168,183762
155377,201532
133733,178652
128859,174114
130241,175615
127594,172844
132214,176836
151249,196997
174841,221340
164865,211166
127353,171931
152851,199138
164694,211065
140411,186147
133704,179086
105627,150729
135709,181436
132438,177724
153417,198714
113505,158710
150735,196550
170071,215928
126783,172060
133458,178461
107710,152110
148411,194085
156696,201740
120040,164677
141001,186848
129123,174424
123784,168488
138498,183817
172191,218605
151587,197068
137062,182705
157028,203301
132139,177742
132705,178097
147916,193738
136260,181606
149200,195193
124688,169799
156499,202141
144907,190634
101508,145907
165466,212002
100932,144917
119530,164423
170222,216462
136375,181678
115230,160313
113348,158727
153691,199906
111402,155042
165655,211610
142566,188070
119268,164648
133060,178973
111816,156826
161122,207313
151205,197074
106853,151743
144256,189097
136099,181290
180795,228000
112411,157295
173649,220079
138185,183943
112626,158025
138413,184021
124010,169344
109999,154964
142788,189496
120707,165572
104666,149081
133205,178633
114347,158575
127195,172968
122308,167153
137898,183229
182722,229938
148780,194315
142324,187796
128127,173250
137182,182156
151925,197936
136437,181360
155873,202095
115367,160408
137136,182459
136912,182479
136021,181891
131294,175922
135714,180998
139491,185215
132556,178595
149502,195194
147930,193764
135706,181530
137788,183263
154304,200776
134062,179931
129565,175277
147514,192977
163852,210062
129033,173686
159268,205162
110160,154892
144091,190163
157699,203907
144571,190470
140598,186109
140220,185047
130676,176512
140058,185735
118593,163805
151177,196385
148824,194315
133341,178390
136288,181539
122378,167679
139925,185956
145058,191132
149940,195610
158220,204193
140212,185839
152715,198466
153153,198967
140708,186284
128620,173952
180571,227556
