month,status_quo_p5,status_quo_p50,status_quo_p95,recommendations_p50,prob_loss_status_quo,prob_loss_recommendations
Oct,12564.945,15394.203,18407.663,19283.243,0.0,0.0
Nov,10811.035,13625.036,16540.795,17392.284,0.0,0.0
Dec,12619.402,15390.275,18504.108,19109.454,0.0,0.0
Jan,6422.456,9408.725,12520.44,13232.455,0.0,0.0
Feb,-1401.19,1181.849,3925.493,4494.195,0.228,0.002
Mar,7482.096,10694.732,14412.355,14438.149,0.0,0.0
Apr,9821.807,13472.277,17349.952,17332.539,0.0,0.0
May,17666.062,22388.266,27272.247,26675.343,0.0,0.0
Jun,13073.735,17381.564,22003.757,21352.711,0.0,0.0
Jul,11719.277,16502.244,21440.456,20616.982,0.0,0.0
Aug,-9899.648,-6702.133,-3324.31,-3312.344,0.998,0.94
Sep,8950.438,13864.392,19189.1,17628.432,0.0,0.0
