date,weekday,role,hour,required,current,optimized
2026-07-09,3,cocina,12,1,1,1
2026-07-09,3,cocina,13,1,1,1
2026-07-09,3,cocina,14,1,1,1
2026-07-09,3,cocina,15,1,1,1
2026-07-09,3,cocina,16,1,1,1
2026-07-09,3,cocina,17,1,2,1
2026-07-09,3,cocina,18,1,1,1
2026-07-09,3,cocina,19,1,1,1
2026-07-09,3,cocina,20,1,1,2
2026-07-09,3,cocina,21,2,1,2
2026-07-09,3,cocina,22,1,1,2
2026-07-09,3,cocina,23,1,1,1
2026-07-09,3,sala,13,1,1,1
2026-07-09,3,sala,14,1,1,2
2026-07-09,3,sala,15,1,1,2
2026-07-09,3,sala,16,1,1,2
2026-07-09,3,sala,17,1,1,1
2026-07-09,3,sala,18,1,2,1
2026-07-09,3,sala,19,2,2,2
2026-07-09,3,sala,20,2,2,3
2026-07-09,3,sala,21,3,2,3
2026-07-09,3,sala,22,2,2,3
2026-07-09,3,sala,23,2,2,2
2026-07-09,3,barra,13,1,1,1
2026-07-09,3,barra,14,1,1,1
2026-07-09,3,barra,15,1,1,1
2026-07-09,3,barra,16,1,1,1
2026-07-09,3,barra,17,1,1,1
2026-07-09,3,barra,18,1,1,1
2026-07-09,3,barra,19,1,1,1
2026-07-09,3,barra,20,2,1,2
2026-07-09,3,barra,21,2,1,2
2026-07-09,3,barra,22,1,1,2
2026-07-09,3,barra,23,1,1,1
2026-07-10,4,cocina,12,1,1,1
2026-07-10,4,cocina,13,1,1,1
2026-07-10,4,cocina,14,1,1,1
2026-07-10,4,cocina,15,1,1,1
2026-07-10,4,cocina,16,1,1,1
2026-07-10,4,cocina,17,1,3,1
2026-07-10,4,cocina,18,1,2,1
2026-07-10,4,cocina,19,1,2,1
2026-07-10,4,cocina,20,2,2,2
2026-07-10,4,cocina,21,2,2,2
2026-07-10,4,cocina,22,2,2,2
2026-07-10,4,cocina,23,2,2,2
2026-07-10,4,cocina,24,1,2,1
2026-07-10,4,sala,13,1,2,1
2026-07-10,4,sala,14,1,2,2
2026-07-10,4,sala,15,1,2,2
2026-07-10,4,sala,16,1,2,2
2026-07-10,4,sala,17,1,2,1
2026-07-10,4,sala,18,1,4,1
2026-07-10,4,sala,19,2,4,2
2026-07-10,4,sala,20,3,4,4
2026-07-10,4,sala,21,4,4,4
2026-07-10,4,sala,22,3,4,4
2026-07-10,4,sala,23,3,4,3
2026-07-10,4,sala,24,2,4,2
2026-07-10,4,barra,13,1,1,1
2026-07-10,4,barra,14,1,1,1
2026-07-10,4,barra,15,1,1,1
2026-07-10,4,barra,16,1,1,1
2026-07-10,4,barra,17,1,1,1
2026-07-10,4,barra,18,1,1,1
2026-07-10,4,barra,19,1,2,2
2026-07-10,4,barra,20,2,2,2
2026-07-10,4,barra,21,2,2,3
2026-07-10,4,barra,22,2,2,2
2026-07-10,4,barra,23,2,2,2
2026-07-10,4,barra,24,1,2,2
2026-07-11,5,cocina,12,1,1,1
2026-07-11,5,cocina,13,1,1,1
2026-07-11,5,cocina,14,1,1,1
2026-07-11,5,cocina,15,1,1,1
2026-07-11,5,cocina,16,1,1,1
2026-07-11,5,cocina,17,1,3,1
2026-07-11,5,cocina,18,1,2,1
2026-07-11,5,cocina,19,1,2,2
2026-07-11,5,cocina,20,2,2,2
2026-07-11,5,cocina,21,2,2,3
2026-07-11,5,cocina,22,2,2,2
2026-07-11,5,cocina,23,2,2,2
2026-07-11,5,cocina,24,1,2,2
2026-07-11,5,sala,13,1,2,1
2026-07-11,5,sala,14,2,2,2
2026-07-11,5,sala,15,2,2,2
2026-07-11,5,sala,16,1,2,2
2026-07-11,5,sala,17,1,2,1
2026-07-11,5,sala,18,1,4,2
2026-07-11,5,sala,19,2,4,3
2026-07-11,5,sala,20,3,4,4
2026-07-11,5,sala,21,4,4,5
2026-07-11,5,sala,22,4,4,4
2026-07-11,5,sala,23,3,4,3
2026-07-11,5,sala,24,2,4,3
2026-07-11,5,barra,13,1,1,1
2026-07-11,5,barra,14,1,1,1
2026-07-11,5,barra,15,1,1,1
2026-07-11,5,barra,16,1,1,1
2026-07-11,5,barra,17,1,1,1
2026-07-11,5,barra,18,1,1,1
2026-07-11,5,barra,19,2,2,2
2026-07-11,5,barra,20,2,2,3
2026-07-11,5,barra,21,3,2,3
2026-07-11,5,barra,22,2,2,3
2026-07-11,5,barra,23,2,2,2
2026-07-11,5,barra,24,2,2,2
2026-07-12,6,cocina,12,1,2,1
2026-07-12,6,cocina,13,1,2,1
2026-07-12,6,cocina,14,1,2,2
2026-07-12,6,cocina,15,1,2,2
2026-07-12,6,cocina,16,1,2,1
2026-07-12,6,cocina,17,1,3,1
2026-07-12,6,cocina,18,1,1,1
2026-07-12,6,cocina,19,1,1,1
2026-07-12,6,cocina,20,1,1,1
2026-07-12,6,cocina,21,1,1,1
2026-07-12,6,cocina,22,1,1,1
2026-07-12,6,sala,13,1,2,2
2026-07-12,6,sala,14,2,2,3
2026-07-12,6,sala,15,2,2,3
2026-07-12,6,sala,16,2,2,3
2026-07-12,6,sala,17,1,2,2
2026-07-12,6,sala,18,1,2,2
2026-07-12,6,sala,19,1,1,2
2026-07-12,6,sala,20,1,1,2
2026-07-12,6,sala,21,1,1,2
2026-07-12,6,sala,22,1,1,1
2026-07-12,6,barra,13,1,1,1
2026-07-12,6,barra,14,2,1,2
2026-07-12,6,barra,15,1,1,2
2026-07-12,6,barra,16,1,1,2
2026-07-12,6,barra,17,1,1,1
2026-07-12,6,barra,18,1,1,1
2026-07-12,6,barra,19,1,1,1
2026-07-12,6,barra,20,1,1,1
2026-07-12,6,barra,21,1,1,1
2026-07-12,6,barra,22,1,1,1
2026-07-14,1,cocina,12,1,1,1
2026-07-14,1,cocina,13,1,1,1
2026-07-14,1,cocina,14,1,1,1
2026-07-14,1,cocina,15,1,1,1
2026-07-14,1,cocina,16,1,1,1
2026-07-14,1,cocina,17,1,2,1
2026-07-14,1,cocina,18,1,1,1
2026-07-14,1,cocina,19,1,1,1
2026-07-14,1,cocina,20,1,1,1
2026-07-14,1,cocina,21,1,1,1
2026-07-14,1,cocina,22,1,1,1
2026-07-14,1,cocina,23,1,1,1
2026-07-14,1,sala,13,1,1,1
2026-07-14,1,sala,14,1,1,1
2026-07-14,1,sala,15,1,1,1
2026-07-14,1,sala,16,1,1,1
2026-07-14,1,sala,17,1,1,1
2026-07-14,1,sala,18,1,2,1
2026-07-14,1,sala,19,1,2,1
2026-07-14,1,sala,20,1,2,2
2026-07-14,1,sala,21,2,2,2
2026-07-14,1,sala,22,1,2,1
2026-07-14,1,sala,23,1,2,1
2026-07-14,1,barra,13,1,1,1
2026-07-14,1,barra,14,1,1,1
2026-07-14,1,barra,15,1,1,1
2026-07-14,1,barra,16,1,1,1
2026-07-14,1,barra,17,1,1,1
2026-07-14,1,barra,18,1,1,1
2026-07-14,1,barra,19,1,1,1
2026-07-14,1,barra,20,1,1,1
2026-07-14,1,barra,21,1,1,1
2026-07-14,1,barra,22,1,1,1
2026-07-14,1,barra,23,1,1,1
2026-07-15,2,cocina,12,1,1,1
2026-07-15,2,cocina,13,1,1,1
2026-07-15,2,cocina,14,1,1,1
2026-07-15,2,cocina,15,1,1,1
2026-07-15,2,cocina,16,1,1,1
2026-07-15,2,cocina,17,1,2,1
2026-07-15,2,cocina,18,1,1,1
2026-07-15,2,cocina,19,1,1,1
2026-07-15,2,cocina,20,1,1,1
2026-07-15,2,cocina,21,1,1,1
2026-07-15,2,cocina,22,1,1,1
2026-07-15,2,cocina,23,1,1,1
2026-07-15,2,sala,13,1,1,1
2026-07-15,2,sala,14,1,1,1
2026-07-15,2,sala,15,1,1,1
2026-07-15,2,sala,16,1,1,1
2026-07-15,2,sala,17,1,1,1
2026-07-15,2,sala,18,1,2,1
2026-07-15,2,sala,19,2,2,1
2026-07-15,2,sala,20,2,2,2
2026-07-15,2,sala,21,2,2,2
2026-07-15,2,sala,22,2,2,2
2026-07-15,2,sala,23,1,2,1
2026-07-15,2,barra,13,1,1,1
2026-07-15,2,barra,14,1,1,1
2026-07-15,2,barra,15,1,1,1
2026-07-15,2,barra,16,1,1,1
2026-07-15,2,barra,17,1,1,1
2026-07-15,2,barra,18,1,1,1
2026-07-15,2,barra,19,1,1,1
2026-07-15,2,barra,20,1,1,1
2026-07-15,2,barra,21,2,1,1
2026-07-15,2,barra,22,1,1,1
2026-07-15,2,barra,23,1,1,1
2026-07-16,3,cocina,12,1,1,1
2026-07-16,3,cocina,13,1,1,1
2026-07-16,3,cocina,14,1,1,1
2026-07-16,3,cocina,15,1,1,1
2026-07-16,3,cocina,16,1,1,1
2026-07-16,3,cocina,17,1,2,1
2026-07-16,3,cocina,18,1,1,1
2026-07-16,3,cocina,19,1,1,1
2026-07-16,3,cocina,20,1,1,2
2026-07-16,3,cocina,21,1,1,2
2026-07-16,3,cocina,22,1,1,1
2026-07-16,3,cocina,23,1,1,1
2026-07-16,3,sala,13,1,1,1
2026-07-16,3,sala,14,1,1,1
2026-07-16,3,sala,15,1,1,1
2026-07-16,3,sala,16,1,1,1
2026-07-16,3,sala,17,1,1,1
2026-07-16,3,sala,18,1,2,1
2026-07-16,3,sala,19,2,2,2
2026-07-16,3,sala,20,2,2,3
2026-07-16,3,sala,21,2,2,3
2026-07-16,3,sala,22,2,2,2
2026-07-16,3,sala,23,1,2,2
2026-07-16,3,barra,13,1,1,1
2026-07-16,3,barra,14,1,1,1
2026-07-16,3,barra,15,1,1,1
2026-07-16,3,barra,16,1,1,1
2026-07-16,3,barra,17,1,1,1
2026-07-16,3,barra,18,1,1,1
2026-07-16,3,barra,19,1,1,1
2026-07-16,3,barra,20,1,1,2
2026-07-16,3,barra,21,2,1,2
2026-07-16,3,barra,22,1,1,2
2026-07-16,3,barra,23,1,1,1
2026-07-17,4,cocina,12,1,1,1
2026-07-17,4,cocina,13,1,1,1
2026-07-17,4,cocina,14,1,1,1
2026-07-17,4,cocina,15,1,1,1
2026-07-17,4,cocina,16,1,1,1
2026-07-17,4,cocina,17,1,3,1
2026-07-17,4,cocina,18,1,2,1
2026-07-17,4,cocina,19,1,2,1
2026-07-17,4,cocina,20,2,2,2
2026-07-17,4,cocina,21,2,2,2
2026-07-17,4,cocina,22,2,2,2
2026-07-17,4,cocina,23,2,2,2
2026-07-17,4,cocina,24,1,2,1
2026-07-17,4,sala,13,1,2,1
2026-07-17,4,sala,14,2,2,2
2026-07-17,4,sala,15,2,2,2
2026-07-17,4,sala,16,1,2,2
2026-07-17,4,sala,17,1,2,1
2026-07-17,4,sala,18,1,4,1
2026-07-17,4,sala,19,2,4,2
2026-07-17,4,sala,20,3,4,3
2026-07-17,4,sala,21,4,4,4
2026-07-17,4,sala,22,3,4,3
2026-07-17,4,sala,23,3,4,3
2026-07-17,4,sala,24,2,4,2
2026-07-17,4,barra,13,1,1,1
2026-07-17,4,barra,14,1,1,1
2026-07-17,4,barra,15,1,1,1
2026-07-17,4,barra,16,1,1,1
2026-07-17,4,barra,17,1,1,1
2026-07-17,4,barra,18,1,1,1
2026-07-17,4,barra,19,1,2,1
2026-07-17,4,barra,20,2,2,2
2026-07-17,4,barra,21,3,2,2
2026-07-17,4,barra,22,2,2,2
2026-07-17,4,barra,23,2,2,2
2026-07-17,4,barra,24,2,2,2
2026-07-18,5,cocina,12,1,1,1
2026-07-18,5,cocina,13,1,1,1
2026-07-18,5,cocina,14,1,1,1
2026-07-18,5,cocina,15,1,1,1
2026-07-18,5,cocina,16,1,1,1
2026-07-18,5,cocina,17,1,3,1
2026-07-18,5,cocina,18,1,2,1
2026-07-18,5,cocina,19,1,2,1
2026-07-18,5,cocina,20,2,2,2
2026-07-18,5,cocina,21,2,2,2
2026-07-18,5,cocina,22,2,2,2
2026-07-18,5,cocina,23,1,2,2
2026-07-18,5,cocina,24,1,2,2
2026-07-18,5,sala,13,1,2,1
2026-07-18,5,sala,14,1,2,2
2026-07-18,5,sala,15,1,2,2
2026-07-18,5,sala,16,1,2,2
2026-07-18,5,sala,17,1,2,1
2026-07-18,5,sala,18,1,4,1
2026-07-18,5,sala,19,2,4,2
2026-07-18,5,sala,20,3,4,4
2026-07-18,5,sala,21,3,4,4
2026-07-18,5,sala,22,3,4,4
2026-07-18,5,sala,23,2,4,3
2026-07-18,5,sala,24,2,4,3
2026-07-18,5,barra,13,1,1,1
2026-07-18,5,barra,14,1,1,1
2026-07-18,5,barra,15,1,1,1
2026-07-18,5,barra,16,1,1,1
2026-07-18,5,barra,17,1,1,1
2026-07-18,5,barra,18,1,1,1
2026-07-18,5,barra,19,1,2,2
2026-07-18,5,barra,20,2,2,2
2026-07-18,5,barra,21,2,2,3
2026-07-18,5,barra,22,2,2,2
2026-07-18,5,barra,23,1,2,2
2026-07-18,5,barra,24,1,2,2
2026-07-19,6,cocina,12,1,2,1
2026-07-19,6,cocina,13,1,2,1
2026-07-19,6,cocina,14,1,2,2
2026-07-19,6,cocina,15,1,2,2
2026-07-19,6,cocina,16,1,2,1
2026-07-19,6,cocina,17,1,3,1
2026-07-19,6,cocina,18,1,1,1
2026-07-19,6,cocina,19,1,1,1
2026-07-19,6,cocina,20,1,1,1
2026-07-19,6,cocina,21,1,1,1
2026-07-19,6,cocina,22,1,1,1
2026-07-19,6,sala,13,1,2,2
2026-07-19,6,sala,14,2,2,3
2026-07-19,6,sala,15,2,2,3
2026-07-19,6,sala,16,1,2,3
2026-07-19,6,sala,17,1,2,2
2026-07-19,6,sala,18,1,2,2
2026-07-19,6,sala,19,1,1,2
2026-07-19,6,sala,20,1,1,2
2026-07-19,6,sala,21,1,1,2
2026-07-19,6,sala,22,1,1,1
2026-07-19,6,barra,13,1,1,1
2026-07-19,6,barra,14,1,1,2
2026-07-19,6,barra,15,1,1,2
2026-07-19,6,barra,16,1,1,2
2026-07-19,6,barra,17,1,1,1
2026-07-19,6,barra,18,1,1,1
2026-07-19,6,barra,19,1,1,1
2026-07-19,6,barra,20,1,1,1
2026-07-19,6,barra,21,1,1,1
2026-07-19,6,barra,22,1,1,1
2026-07-21,1,cocina,12,1,1,1
2026-07-21,1,cocina,13,1,1,1
2026-07-21,1,cocina,14,1,1,1
2026-07-21,1,cocina,15,1,1,1
2026-07-21,1,cocina,16,1,1,1
2026-07-21,1,cocina,17,1,2,1
2026-07-21,1,cocina,18,1,1,1
2026-07-21,1,cocina,19,1,1,1
2026-07-21,1,cocina,20,1,1,1
2026-07-21,1,cocina,21,1,1,1
2026-07-21,1,cocina,22,1,1,1
2026-07-21,1,cocina,23,1,1,1
2026-07-21,1,sala,13,1,1,1
2026-07-21,1,sala,14,1,1,1
2026-07-21,1,sala,15,1,1,1
2026-07-21,1,sala,16,1,1,1
2026-07-21,1,sala,17,1,1,1
2026-07-21,1,sala,18,1,2,1
2026-07-21,1,sala,19,1,2,1
2026-07-21,1,sala,20,2,2,2
2026-07-21,1,sala,21,2,2,2
2026-07-21,1,sala,22,1,2,1
2026-07-21,1,sala,23,1,2,1
2026-07-21,1,barra,13,1,1,1
2026-07-21,1,barra,14,1,1,1
2026-07-21,1,barra,15,1,1,1
2026-07-21,1,barra,16,1,1,1
2026-07-21,1,barra,17,1,1,1
2026-07-21,1,barra,18,1,1,1
2026-07-21,1,barra,19,1,1,1
2026-07-21,1,barra,20,1,1,1
2026-07-21,1,barra,21,1,1,1
2026-07-21,1,barra,22,1,1,1
2026-07-21,1,barra,23,1,1,1
2026-07-22,2,cocina,12,1,1,1
2026-07-22,2,cocina,13,1,1,1
2026-07-22,2,cocina,14,1,1,1
2026-07-22,2,cocina,15,1,1,1
2026-07-22,2,cocina,16,1,1,1
2026-07-22,2,cocina,17,1,2,1
2026-07-22,2,cocina,18,1,1,1
2026-07-22,2,cocina,19,1,1,1
2026-07-22,2,cocina,20,1,1,1
2026-07-22,2,cocina,21,1,1,1
2026-07-22,2,cocina,22,1,1,1
2026-07-22,2,cocina,23,1,1,1
2026-07-22,2,sala,13,1,1,1
2026-07-22,2,sala,14,1,1,1
2026-07-22,2,sala,15,1,1,1
2026-07-22,2,sala,16,1,1,1
2026-07-22,2,sala,17,1,1,1
2026-07-22,2,sala,18,1,2,1
2026-07-22,2,sala,19,2,2,1
2026-07-22,2,sala,20,2,2,2
2026-07-22,2,sala,21,2,2,2
2026-07-22,2,sala,22,2,2,2
2026-07-22,2,sala,23,1,2,1
2026-07-22,2,barra,13,1,1,1
2026-07-22,2,barra,14,1,1,1
2026-07-22,2,barra,15,1,1,1
2026-07-22,2,barra,16,1,1,1
2026-07-22,2,barra,17,1,1,1
2026-07-22,2,barra,18,1,1,1
2026-07-22,2,barra,19,1,1,1
2026-07-22,2,barra,20,1,1,1
2026-07-22,2,barra,21,2,1,1
2026-07-22,2,barra,22,1,1,1
2026-07-22,2,barra,23,1,1,1
2026-07-23,3,cocina,12,1,1,1
2026-07-23,3,cocina,13,1,1,1
2026-07-23,3,cocina,14,1,1,1
2026-07-23,3,cocina,15,1,1,1
2026-07-23,3,cocina,16,1,1,1
2026-07-23,3,cocina,17,1,2,1
2026-07-23,3,cocina,18,1,1,1
2026-07-23,3,cocina,19,1,1,1
2026-07-23,3,cocina,20,1,1,2
2026-07-23,3,cocina,21,2,1,2
2026-07-23,3,cocina,22,1,1,1
2026-07-23,3,cocina,23,1,1,1
2026-07-23,3,sala,13,1,1,1
2026-07-23,3,sala,14,1,1,1
2026-07-23,3,sala,15,1,1,1
2026-07-23,3,sala,16,1,1,1
2026-07-23,3,sala,17,1,1,1
2026-07-23,3,sala,18,1,2,1
2026-07-23,3,sala,19,2,2,2
2026-07-23,3,sala,20,2,2,3
2026-07-23,3,sala,21,3,2,3
2026-07-23,3,sala,22,2,2,2
2026-07-23,3,sala,23,2,2,2
2026-07-23,3,barra,13,1,1,1
2026-07-23,3,barra,14,1,1,1
2026-07-23,3,barra,15,1,1,1
2026-07-23,3,barra,16,1,1,1
2026-07-23,3,barra,17,1,1,1
2026-07-23,3,barra,18,1,1,1
2026-07-23,3,barra,19,1,1,1
2026-07-23,3,barra,20,2,1,2
2026-07-23,3,barra,21,2,1,2
2026-07-23,3,barra,22,1,1,2
2026-07-23,3,barra,23,1,1,1
2026-07-24,4,cocina,12,1,1,1
2026-07-24,4,cocina,13,1,1,1
2026-07-24,4,cocina,14,1,1,1
2026-07-24,4,cocina,15,1,1,1
2026-07-24,4,cocina,16,1,1,1
2026-07-24,4,cocina,17,1,3,1
2026-07-24,4,cocina,18,1,2,1
2026-07-24,4,cocina,19,1,2,1
2026-07-24,4,cocina,20,2,2,2
2026-07-24,4,cocina,21,2,2,2
2026-07-24,4,cocina,22,2,2,2
2026-07-24,4,cocina,23,1,2,2
2026-07-24,4,cocina,24,1,2,1
2026-07-24,4,sala,13,1,2,1
2026-07-24,4,sala,14,1,2,2
2026-07-24,4,sala,15,1,2,2
2026-07-24,4,sala,16,1,2,2
2026-07-24,4,sala,17,1,2,1
2026-07-24,4,sala,18,1,4,1
2026-07-24,4,sala,19,2,4,2
2026-07-24,4,sala,20,3,4,3
2026-07-24,4,sala,21,3,4,4
2026-07-24,4,sala,22,3,4,4
2026-07-24,4,sala,23,2,4,3
2026-07-24,4,sala,24,2,4,2
2026-07-24,4,barra,13,1,1,1
2026-07-24,4,barra,14,1,1,1
2026-07-24,4,barra,15,1,1,1
2026-07-24,4,barra,16,1,1,1
2026-07-24,4,barra,17,1,1,1
2026-07-24,4,barra,18,1,1,1
2026-07-24,4,barra,19,1,2,2
2026-07-24,4,barra,20,2,2,2
2026-07-24,4,barra,21,2,2,3
2026-07-24,4,barra,22,2,2,2
2026-07-24,4,barra,23,1,2,2
2026-07-24,4,barra,24,1,2,2
2026-07-25,5,cocina,12,1,1,1
2026-07-25,5,cocina,13,1,1,1
2026-07-25,5,cocina,14,1,1,1
2026-07-25,5,cocina,15,1,1,1
2026-07-25,5,cocina,16,1,1,1
2026-07-25,5,cocina,17,1,3,1
2026-07-25,5,cocina,18,1,2,1
2026-07-25,5,cocina,19,1,2,1
2026-07-25,5,cocina,20,2,2,2
2026-07-25,5,cocina,21,2,2,2
2026-07-25,5,cocina,22,2,2,2
2026-07-25,5,cocina,23,2,2,2
2026-07-25,5,cocina,24,1,2,1
2026-07-25,5,sala,13,1,2,1
2026-07-25,5,sala,14,1,2,2
2026-07-25,5,sala,15,1,2,2
2026-07-25,5,sala,16,1,2,2
2026-07-25,5,sala,17,1,2,1
2026-07-25,5,sala,18,1,4,1
2026-07-25,5,sala,19,2,4,2
2026-07-25,5,sala,20,3,4,3
2026-07-25,5,sala,21,4,4,4
2026-07-25,5,sala,22,3,4,3
2026-07-25,5,sala,23,3,4,3
2026-07-25,5,sala,24,2,4,2
2026-07-25,5,barra,13,1,1,1
2026-07-25,5,barra,14,1,1,1
2026-07-25,5,barra,15,1,1,1
2026-07-25,5,barra,16,1,1,1
2026-07-25,5,barra,17,1,1,1
2026-07-25,5,barra,18,1,1,1
2026-07-25,5,barra,19,1,2,1
2026-07-25,5,barra,20,2,2,2
2026-07-25,5,barra,21,2,2,2
2026-07-25,5,barra,22,2,2,2
2026-07-25,5,barra,23,2,2,2
2026-07-25,5,barra,24,1,2,2
2026-07-26,6,cocina,12,1,2,1
2026-07-26,6,cocina,13,1,2,1
2026-07-26,6,cocina,14,1,2,2
2026-07-26,6,cocina,15,1,2,2
2026-07-26,6,cocina,16,1,2,1
2026-07-26,6,cocina,17,1,3,1
2026-07-26,6,cocina,18,1,1,1
2026-07-26,6,cocina,19,1,1,1
2026-07-26,6,cocina,20,1,1,1
2026-07-26,6,cocina,21,1,1,1
2026-07-26,6,cocina,22,1,1,1
2026-07-26,6,sala,13,2,2,2
2026-07-26,6,sala,14,2,2,3
2026-07-26,6,sala,15,2,2,3
2026-07-26,6,sala,16,2,2,3
2026-07-26,6,sala,17,1,2,1
2026-07-26,6,sala,18,1,2,1
2026-07-26,6,sala,19,1,1,2
2026-07-26,6,sala,20,2,1,2
2026-07-26,6,sala,21,1,1,1
2026-07-26,6,sala,22,1,1,1
2026-07-26,6,barra,13,1,1,1
2026-07-26,6,barra,14,2,1,2
2026-07-26,6,barra,15,2,1,2
2026-07-26,6,barra,16,1,1,2
2026-07-26,6,barra,17,1,1,1
2026-07-26,6,barra,18,1,1,1
2026-07-26,6,barra,19,1,1,1
2026-07-26,6,barra,20,1,1,1
2026-07-26,6,barra,21,1,1,1
2026-07-26,6,barra,22,1,1,1
2026-07-28,1,cocina,12,1,1,1
2026-07-28,1,cocina,13,1,1,1
2026-07-28,1,cocina,14,1,1,1
2026-07-28,1,cocina,15,1,1,1
2026-07-28,1,cocina,16,1,1,1
2026-07-28,1,cocina,17,1,2,1
2026-07-28,1,cocina,18,1,1,1
2026-07-28,1,cocina,19,1,1,1
2026-07-28,1,cocina,20,1,1,1
2026-07-28,1,cocina,21,1,1,1
2026-07-28,1,cocina,22,1,1,1
2026-07-28,1,cocina,23,1,1,1
2026-07-28,1,sala,13,1,1,1
2026-07-28,1,sala,14,1,1,1
2026-07-28,1,sala,15,1,1,1
2026-07-28,1,sala,16,1,1,1
2026-07-28,1,sala,17,1,1,1
2026-07-28,1,sala,18,1,2,1
2026-07-28,1,sala,19,1,2,1
2026-07-28,1,sala,20,2,2,2
2026-07-28,1,sala,21,2,2,2
2026-07-28,1,sala,22,2,2,2
2026-07-28,1,sala,23,1,2,1
2026-07-28,1,barra,13,1,1,1
2026-07-28,1,barra,14,1,1,1
2026-07-28,1,barra,15,1,1,1
2026-07-28,1,barra,16,1,1,1
2026-07-28,1,barra,17,1,1,1
2026-07-28,1,barra,18,1,1,1
2026-07-28,1,barra,19,1,1,1
2026-07-28,1,barra,20,1,1,1
2026-07-28,1,barra,21,1,1,1
2026-07-28,1,barra,22,1,1,1
2026-07-28,1,barra,23,1,1,1
2026-07-29,2,cocina,12,1,1,1
2026-07-29,2,cocina,13,1,1,1
2026-07-29,2,cocina,14,1,1,1
2026-07-29,2,cocina,15,1,1,1
2026-07-29,2,cocina,16,1,1,1
2026-07-29,2,cocina,17,1,2,1
2026-07-29,2,cocina,18,1,1,1
2026-07-29,2,cocina,19,1,1,1
2026-07-29,2,cocina,20,1,1,1
2026-07-29,2,cocina,21,1,1,1
2026-07-29,2,cocina,22,1,1,1
2026-07-29,2,cocina,23,1,1,1
2026-07-29,2,sala,13,1,1,1
2026-07-29,2,sala,14,1,1,1
2026-07-29,2,sala,15,1,1,1
2026-07-29,2,sala,16,1,1,1
2026-07-29,2,sala,17,1,1,1
2026-07-29,2,sala,18,1,2,1
2026-07-29,2,sala,19,2,2,1
2026-07-29,2,sala,20,2,2,2
2026-07-29,2,sala,21,2,2,2
2026-07-29,2,sala,22,2,2,2
2026-07-29,2,sala,23,1,2,1
2026-07-29,2,barra,13,1,1,1
2026-07-29,2,barra,14,1,1,1
2026-07-29,2,barra,15,1,1,1
2026-07-29,2,barra,16,1,1,1
2026-07-29,2,barra,17,1,1,1
2026-07-29,2,barra,18,1,1,1
2026-07-29,2,barra,19,1,1,1
2026-07-29,2,barra,20,1,1,1
2026-07-29,2,barra,21,2,1,1
2026-07-29,2,barra,22,1,1,1
2026-07-29,2,barra,23,1,1,1
2026-07-30,3,cocina,12,1,1,1
2026-07-30,3,cocina,13,1,1,1
2026-07-30,3,cocina,14,1,1,1
2026-07-30,3,cocina,15,1,1,1
2026-07-30,3,cocina,16,1,1,1
2026-07-30,3,cocina,17,1,2,1
2026-07-30,3,cocina,18,1,1,1
2026-07-30,3,cocina,19,1,1,1
2026-07-30,3,cocina,20,1,1,2
2026-07-30,3,cocina,21,2,1,2
2026-07-30,3,cocina,22,1,1,1
2026-07-30,3,cocina,23,1,1,1
2026-07-30,3,sala,13,1,1,1
2026-07-30,3,sala,14,1,1,1
2026-07-30,3,sala,15,1,1,1
2026-07-30,3,sala,16,1,1,1
2026-07-30,3,sala,17,1,1,1
2026-07-30,3,sala,18,1,2,1
2026-07-30,3,sala,19,2,2,2
2026-07-30,3,sala,20,2,2,3
2026-07-30,3,sala,21,3,2,3
2026-07-30,3,sala,22,2,2,2
2026-07-30,3,sala,23,2,2,2
2026-07-30,3,barra,13,1,1,1
2026-07-30,3,barra,14,1,1,1
2026-07-30,3,barra,15,1,1,1
2026-07-30,3,barra,16,1,1,1
2026-07-30,3,barra,17,1,1,1
2026-07-30,3,barra,18,1,1,1
2026-07-30,3,barra,19,1,1,1
2026-07-30,3,barra,20,2,1,2
2026-07-30,3,barra,21,2,1,2
2026-07-30,3,barra,22,1,1,1
2026-07-30,3,barra,23,1,1,1
2026-07-31,4,cocina,12,1,1,1
2026-07-31,4,cocina,13,1,1,1
2026-07-31,4,cocina,14,1,1,1
2026-07-31,4,cocina,15,1,1,1
2026-07-31,4,cocina,16,1,1,1
2026-07-31,4,cocina,17,1,3,1
2026-07-31,4,cocina,18,1,2,1
2026-07-31,4,cocina,19,1,2,1
2026-07-31,4,cocina,20,2,2,2
2026-07-31,4,cocina,21,2,2,2
2026-07-31,4,cocina,22,2,2,2
2026-07-31,4,cocina,23,1,2,1
2026-07-31,4,cocina,24,1,2,1
2026-07-31,4,sala,13,1,2,1
2026-07-31,4,sala,14,1,2,1
2026-07-31,4,sala,15,1,2,1
2026-07-31,4,sala,16,1,2,1
2026-07-31,4,sala,17,1,2,1
2026-07-31,4,sala,18,1,4,1
2026-07-31,4,sala,19,2,4,2
2026-07-31,4,sala,20,3,4,3
2026-07-31,4,sala,21,4,4,4
2026-07-31,4,sala,22,3,4,3
2026-07-31,4,sala,23,2,4,2
2026-07-31,4,sala,24,2,4,2
2026-07-31,4,barra,13,1,1,1
2026-07-31,4,barra,14,1,1,1
2026-07-31,4,barra,15,1,1,1
2026-07-31,4,barra,16,1,1,1
2026-07-31,4,barra,17,1,1,1
2026-07-31,4,barra,18,1,1,1
2026-07-31,4,barra,19,1,2,1
2026-07-31,4,barra,20,2,2,2
2026-07-31,4,barra,21,2,2,2
2026-07-31,4,barra,22,2,2,2
2026-07-31,4,barra,23,2,2,2
2026-07-31,4,barra,24,1,2,1
2026-08-01,5,cocina,12,1,1,1
2026-08-01,5,cocina,13,1,1,1
2026-08-01,5,cocina,14,1,1,1
2026-08-01,5,cocina,15,1,1,1
2026-08-01,5,cocina,16,1,1,1
2026-08-01,5,cocina,17,1,3,1
2026-08-01,5,cocina,18,1,2,1
2026-08-01,5,cocina,19,1,2,1
2026-08-01,5,cocina,20,1,2,2
2026-08-01,5,cocina,21,2,2,2
2026-08-01,5,cocina,22,2,2,2
2026-08-01,5,cocina,23,1,2,1
2026-08-01,5,cocina,24,1,2,1
2026-08-01,5,sala,13,1,2,1
2026-08-01,5,sala,14,1,2,1
2026-08-01,5,sala,15,1,2,1
2026-08-01,5,sala,16,1,2,1
2026-08-01,5,sala,17,1,2,1
2026-08-01,5,sala,18,1,4,1
2026-08-01,5,sala,19,2,4,2
2026-08-01,5,sala,20,2,4,3
2026-08-01,5,sala,21,3,4,3
2026-08-01,5,sala,22,3,4,3
2026-08-01,5,sala,23,2,4,2
2026-08-01,5,sala,24,2,4,2
2026-08-01,5,barra,13,1,1,1
2026-08-01,5,barra,14,1,1,1
2026-08-01,5,barra,15,1,1,1
2026-08-01,5,barra,16,1,1,1
2026-08-01,5,barra,17,1,1,1
2026-08-01,5,barra,18,1,1,1
2026-08-01,5,barra,19,1,2,1
2026-08-01,5,barra,20,2,2,2
2026-08-01,5,barra,21,2,2,2
2026-08-01,5,barra,22,2,2,2
2026-08-01,5,barra,23,1,2,2
2026-08-01,5,barra,24,1,2,1
2026-08-02,6,cocina,12,1,2,1
2026-08-02,6,cocina,13,1,2,1
2026-08-02,6,cocina,14,1,2,1
2026-08-02,6,cocina,15,1,2,1
2026-08-02,6,cocina,16,1,2,1
2026-08-02,6,cocina,17,1,3,1
2026-08-02,6,cocina,18,1,1,1
2026-08-02,6,cocina,19,1,1,1
2026-08-02,6,cocina,20,1,1,1
2026-08-02,6,cocina,21,1,1,1
2026-08-02,6,cocina,22,1,1,1
2026-08-02,6,sala,13,1,2,1
2026-08-02,6,sala,14,2,2,2
2026-08-02,6,sala,15,2,2,2
2026-08-02,6,sala,16,1,2,2
2026-08-02,6,sala,17,1,2,1
2026-08-02,6,sala,18,1,2,1
2026-08-02,6,sala,19,1,1,1
2026-08-02,6,sala,20,1,1,1
2026-08-02,6,sala,21,1,1,1
2026-08-02,6,sala,22,1,1,1
2026-08-02,6,barra,13,1,1,1
2026-08-02,6,barra,14,1,1,1
2026-08-02,6,barra,15,1,1,1
2026-08-02,6,barra,16,1,1,1
2026-08-02,6,barra,17,1,1,1
2026-08-02,6,barra,18,1,1,1
2026-08-02,6,barra,19,1,1,1
2026-08-02,6,barra,20,1,1,1
2026-08-02,6,barra,21,1,1,1
2026-08-02,6,barra,22,1,1,1
2026-08-04,1,cocina,12,1,1,1
2026-08-04,1,cocina,13,1,1,1
2026-08-04,1,cocina,14,1,1,1
2026-08-04,1,cocina,15,1,1,1
2026-08-04,1,cocina,16,1,1,1
2026-08-04,1,cocina,17,1,2,1
2026-08-04,1,cocina,18,1,1,1
2026-08-04,1,cocina,19,1,1,1
2026-08-04,1,cocina,20,1,1,1
2026-08-04,1,cocina,21,1,1,1
2026-08-04,1,cocina,22,1,1,1
2026-08-04,1,cocina,23,1,1,1
2026-08-04,1,sala,13,1,1,1
2026-08-04,1,sala,14,1,1,1
2026-08-04,1,sala,15,1,1,1
2026-08-04,1,sala,16,1,1,1
2026-08-04,1,sala,17,1,1,1
2026-08-04,1,sala,18,1,2,1
2026-08-04,1,sala,19,1,2,1
2026-08-04,1,sala,20,1,2,2
2026-08-04,1,sala,21,2,2,2
2026-08-04,1,sala,22,1,2,1
2026-08-04,1,sala,23,1,2,1
2026-08-04,1,barra,13,1,1,1
2026-08-04,1,barra,14,1,1,1
2026-08-04,1,barra,15,1,1,1
2026-08-04,1,barra,16,1,1,1
2026-08-04,1,barra,17,1,1,1
2026-08-04,1,barra,18,1,1,1
2026-08-04,1,barra,19,1,1,1
2026-08-04,1,barra,20,1,1,1
2026-08-04,1,barra,21,1,1,1
2026-08-04,1,barra,22,1,1,1
2026-08-04,1,barra,23,1,1,1
2026-08-05,2,cocina,12,1,1,1
2026-08-05,2,cocina,13,1,1,1
2026-08-05,2,cocina,14,1,1,1
2026-08-05,2,cocina,15,1,1,1
2026-08-05,2,cocina,16,1,1,1
2026-08-05,2,cocina,17,1,2,1
2026-08-05,2,cocina,18,1,1,1
2026-08-05,2,cocina,19,1,1,1
2026-08-05,2,cocina,20,1,1,1
2026-08-05,2,cocina,21,1,1,1
2026-08-05,2,cocina,22,1,1,1
2026-08-05,2,cocina,23,1,1,1
2026-08-05,2,sala,13,1,1,1
2026-08-05,2,sala,14,1,1,1
2026-08-05,2,sala,15,1,1,1
2026-08-05,2,sala,16,1,1,1
2026-08-05,2,sala,17,1,1,1
2026-08-05,2,sala,18,1,2,1
2026-08-05,2,sala,19,1,2,2
2026-08-05,2,sala,20,2,2,2
2026-08-05,2,sala,21,2,2,2
2026-08-05,2,sala,22,2,2,2
2026-08-05,2,sala,23,1,2,1
2026-08-05,2,barra,13,1,1,1
2026-08-05,2,barra,14,1,1,1
2026-08-05,2,barra,15,1,1,1
2026-08-05,2,barra,16,1,1,1
2026-08-05,2,barra,17,1,1,1
2026-08-05,2,barra,18,1,1,1
2026-08-05,2,barra,19,1,1,1
2026-08-05,2,barra,20,1,1,2
2026-08-05,2,barra,21,1,1,2
2026-08-05,2,barra,22,1,1,1
2026-08-05,2,barra,23,1,1,1
2026-08-06,3,cocina,12,1,1,1
2026-08-06,3,cocina,13,1,1,1
2026-08-06,3,cocina,14,1,1,1
2026-08-06,3,cocina,15,1,1,1
2026-08-06,3,cocina,16,1,1,1
2026-08-06,3,cocina,17,1,2,1
2026-08-06,3,cocina,18,1,1,1
2026-08-06,3,cocina,19,1,1,1
2026-08-06,3,cocina,20,1,1,1
2026-08-06,3,cocina,21,1,1,1
2026-08-06,3,cocina,22,1,1,1
2026-08-06,3,cocina,23,1,1,1
2026-08-06,3,sala,13,1,1,1
2026-08-06,3,sala,14,1,1,1
2026-08-06,3,sala,15,1,1,1
2026-08-06,3,sala,16,1,1,1
2026-08-06,3,sala,17,1,1,1
2026-08-06,3,sala,18,1,2,1
2026-08-06,3,sala,19,1,2,2
2026-08-06,3,sala,20,2,2,2
2026-08-06,3,sala,21,2,2,2
2026-08-06,3,sala,22,2,2,2
2026-08-06,3,sala,23,1,2,1
2026-08-06,3,barra,13,1,1,1
2026-08-06,3,barra,14,1,1,1
2026-08-06,3,barra,15,1,1,1
2026-08-06,3,barra,16,1,1,1
2026-08-06,3,barra,17,1,1,1
2026-08-06,3,barra,18,1,1,1
2026-08-06,3,barra,19,1,1,1
2026-08-06,3,barra,20,1,1,2
2026-08-06,3,barra,21,1,1,2
2026-08-06,3,barra,22,1,1,1
2026-08-06,3,barra,23,1,1,1
2026-08-07,4,cocina,12,1,1,1
2026-08-07,4,cocina,13,1,1,1
2026-08-07,4,cocina,14,1,1,1
2026-08-07,4,cocina,15,1,1,1
2026-08-07,4,cocina,16,1,1,1
2026-08-07,4,cocina,17,1,3,1
2026-08-07,4,cocina,18,1,2,1
2026-08-07,4,cocina,19,1,2,1
2026-08-07,4,cocina,20,1,2,2
2026-08-07,4,cocina,21,1,2,2
2026-08-07,4,cocina,22,1,2,2
2026-08-07,4,cocina,23,1,2,1
2026-08-07,4,cocina,24,1,2,1
2026-08-07,4,sala,13,1,2,1
2026-08-07,4,sala,14,1,2,1
2026-08-07,4,sala,15,1,2,1
2026-08-07,4,sala,16,1,2,1
2026-08-07,4,sala,17,1,2,1
2026-08-07,4,sala,18,1,4,1
2026-08-07,4,sala,19,1,4,2
2026-08-07,4,sala,20,2,4,3
2026-08-07,4,sala,21,2,4,3
2026-08-07,4,sala,22,2,4,3
2026-08-07,4,sala,23,2,4,2
2026-08-07,4,sala,24,2,4,2
2026-08-07,4,barra,13,1,1,1
2026-08-07,4,barra,14,1,1,1
2026-08-07,4,barra,15,1,1,1
2026-08-07,4,barra,16,1,1,1
2026-08-07,4,barra,17,1,1,1
2026-08-07,4,barra,18,1,1,1
2026-08-07,4,barra,19,1,2,1
2026-08-07,4,barra,20,1,2,2
2026-08-07,4,barra,21,2,2,2
2026-08-07,4,barra,22,1,2,2
2026-08-07,4,barra,23,1,2,1
2026-08-07,4,barra,24,1,2,1
2026-08-08,5,cocina,12,1,1,1
2026-08-08,5,cocina,13,1,1,1
2026-08-08,5,cocina,14,1,1,1
2026-08-08,5,cocina,15,1,1,1
2026-08-08,5,cocina,16,1,1,1
2026-08-08,5,cocina,17,1,3,1
2026-08-08,5,cocina,18,1,2,1
2026-08-08,5,cocina,19,1,2,1
2026-08-08,5,cocina,20,1,2,2
2026-08-08,5,cocina,21,2,2,2
2026-08-08,5,cocina,22,1,2,2
2026-08-08,5,cocina,23,1,2,1
2026-08-08,5,cocina,24,1,2,1
2026-08-08,5,sala,13,1,2,1
2026-08-08,5,sala,14,1,2,1
2026-08-08,5,sala,15,1,2,1
2026-08-08,5,sala,16,1,2,1
2026-08-08,5,sala,17,1,2,1
2026-08-08,5,sala,18,1,4,1
2026-08-08,5,sala,19,2,4,2
2026-08-08,5,sala,20,2,4,3
2026-08-08,5,sala,21,3,4,4
2026-08-08,5,sala,22,2,4,3
2026-08-08,5,sala,23,2,4,2
2026-08-08,5,sala,24,2,4,2
2026-08-08,5,barra,13,1,1,1
2026-08-08,5,barra,14,1,1,1
2026-08-08,5,barra,15,1,1,1
2026-08-08,5,barra,16,1,1,1
2026-08-08,5,barra,17,1,1,1
2026-08-08,5,barra,18,1,1,1
2026-08-08,5,barra,19,1,2,1
2026-08-08,5,barra,20,2,2,2
2026-08-08,5,barra,21,2,2,2
2026-08-08,5,barra,22,2,2,2
2026-08-08,5,barra,23,1,2,2
2026-08-08,5,barra,24,1,2,1
2026-08-09,6,cocina,12,1,2,1
2026-08-09,6,cocina,13,1,2,1
2026-08-09,6,cocina,14,1,2,1
2026-08-09,6,cocina,15,1,2,1
2026-08-09,6,cocina,16,1,2,1
2026-08-09,6,cocina,17,1,3,1
2026-08-09,6,cocina,18,1,1,1
2026-08-09,6,cocina,19,1,1,1
2026-08-09,6,cocina,20,1,1,1
2026-08-09,6,cocina,21,1,1,1
2026-08-09,6,cocina,22,1,1,1
2026-08-09,6,sala,13,1,2,1
2026-08-09,6,sala,14,2,2,2
2026-08-09,6,sala,15,2,2,2
2026-08-09,6,sala,16,1,2,2
2026-08-09,6,sala,17,1,2,1
2026-08-09,6,sala,18,1,2,1
2026-08-09,6,sala,19,1,1,1
2026-08-09,6,sala,20,1,1,1
2026-08-09,6,sala,21,1,1,1
2026-08-09,6,sala,22,1,1,1
2026-08-09,6,barra,13,1,1,1
2026-08-09,6,barra,14,1,1,2
2026-08-09,6,barra,15,1,1,2
2026-08-09,6,barra,16,1,1,2
2026-08-09,6,barra,17,1,1,1
2026-08-09,6,barra,18,1,1,1
2026-08-09,6,barra,19,1,1,1
2026-08-09,6,barra,20,1,1,1
2026-08-09,6,barra,21,1,1,1
2026-08-09,6,barra,22,1,1,1
2026-08-11,1,cocina,12,1,1,1
2026-08-11,1,cocina,13,1,1,1
2026-08-11,1,cocina,14,1,1,1
2026-08-11,1,cocina,15,1,1,1
2026-08-11,1,cocina,16,1,1,1
2026-08-11,1,cocina,17,1,2,1
2026-08-11,1,cocina,18,1,1,1
2026-08-11,1,cocina,19,1,1,1
2026-08-11,1,cocina,20,1,1,1
2026-08-11,1,cocina,21,1,1,1
2026-08-11,1,cocina,22,1,1,1
2026-08-11,1,cocina,23,1,1,1
2026-08-11,1,sala,13,1,1,1
2026-08-11,1,sala,14,1,1,1
2026-08-11,1,sala,15,1,1,1
2026-08-11,1,sala,16,1,1,1
2026-08-11,1,sala,17,1,1,1
2026-08-11,1,sala,18,1,2,1
2026-08-11,1,sala,19,1,2,1
2026-08-11,1,sala,20,1,2,1
2026-08-11,1,sala,21,2,2,1
2026-08-11,1,sala,22,1,2,1
2026-08-11,1,sala,23,1,2,1
2026-08-11,1,barra,13,1,1,1
2026-08-11,1,barra,14,1,1,1
2026-08-11,1,barra,15,1,1,1
2026-08-11,1,barra,16,1,1,1
2026-08-11,1,barra,17,1,1,1
2026-08-11,1,barra,18,1,1,1
2026-08-11,1,barra,19,1,1,1
2026-08-11,1,barra,20,1,1,1
2026-08-11,1,barra,21,1,1,1
2026-08-11,1,barra,22,1,1,1
2026-08-11,1,barra,23,1,1,1
2026-08-12,2,cocina,12,1,1,1
2026-08-12,2,cocina,13,1,1,1
2026-08-12,2,cocina,14,1,1,1
2026-08-12,2,cocina,15,1,1,1
2026-08-12,2,cocina,16,1,1,1
2026-08-12,2,cocina,17,1,2,1
2026-08-12,2,cocina,18,1,1,1
2026-08-12,2,cocina,19,1,1,1
2026-08-12,2,cocina,20,1,1,1
2026-08-12,2,cocina,21,1,1,1
2026-08-12,2,cocina,22,1,1,1
2026-08-12,2,cocina,23,1,1,1
2026-08-12,2,sala,13,1,1,1
2026-08-12,2,sala,14,1,1,1
2026-08-12,2,sala,15,1,1,1
2026-08-12,2,sala,16,1,1,1
2026-08-12,2,sala,17,1,1,1
2026-08-12,2,sala,18,1,2,1
2026-08-12,2,sala,19,1,2,1
2026-08-12,2,sala,20,2,2,2
2026-08-12,2,sala,21,2,2,2
2026-08-12,2,sala,22,1,2,1
2026-08-12,2,sala,23,1,2,1
2026-08-12,2,barra,13,1,1,1
2026-08-12,2,barra,14,1,1,1
2026-08-12,2,barra,15,1,1,1
2026-08-12,2,barra,16,1,1,1
2026-08-12,2,barra,17,1,1,1
2026-08-12,2,barra,18,1,1,1
2026-08-12,2,barra,19,1,1,1
2026-08-12,2,barra,20,1,1,1
2026-08-12,2,barra,21,1,1,1
2026-08-12,2,barra,22,1,1,1
2026-08-12,2,barra,23,1,1,1
2026-08-13,3,cocina,12,1,1,1
2026-08-13,3,cocina,13,1,1,1
2026-08-13,3,cocina,14,1,1,1
2026-08-13,3,cocina,15,1,1,1
2026-08-13,3,cocina,16,1,1,1
2026-08-13,3,cocina,17,1,2,1
2026-08-13,3,cocina,18,1,1,1
2026-08-13,3,cocina,19,1,1,1
2026-08-13,3,cocina,20,1,1,1
2026-08-13,3,cocina,21,1,1,1
2026-08-13,3,cocina,22,1,1,1
2026-08-13,3,cocina,23,1,1,1
2026-08-13,3,sala,13,1,1,1
2026-08-13,3,sala,14,1,1,1
2026-08-13,3,sala,15,1,1,1
2026-08-13,3,sala,16,1,1,1
2026-08-13,3,sala,17,1,1,1
2026-08-13,3,sala,18,1,2,1
2026-08-13,3,sala,19,1,2,1
2026-08-13,3,sala,20,2,2,2
2026-08-13,3,sala,21,2,2,2
2026-08-13,3,sala,22,1,2,2
2026-08-13,3,sala,23,1,2,1
2026-08-13,3,barra,13,1,1,1
2026-08-13,3,barra,14,1,1,1
2026-08-13,3,barra,15,1,1,1
2026-08-13,3,barra,16,1,1,1
2026-08-13,3,barra,17,1,1,1
2026-08-13,3,barra,18,1,1,1
2026-08-13,3,barra,19,1,1,1
2026-08-13,3,barra,20,1,1,1
2026-08-13,3,barra,21,1,1,1
2026-08-13,3,barra,22,1,1,1
2026-08-13,3,barra,23,1,1,1
2026-08-14,4,cocina,12,1,1,1
2026-08-14,4,cocina,13,1,1,1
2026-08-14,4,cocina,14,1,1,1
2026-08-14,4,cocina,15,1,1,1
2026-08-14,4,cocina,16,1,1,1
2026-08-14,4,cocina,17,1,3,1
2026-08-14,4,cocina,18,1,2,1
2026-08-14,4,cocina,19,1,2,1
2026-08-14,4,cocina,20,1,2,1
2026-08-14,4,cocina,21,1,2,2
2026-08-14,4,cocina,22,1,2,1
2026-08-14,4,cocina,23,1,2,1
2026-08-14,4,cocina,24,1,2,1
2026-08-14,4,sala,13,1,2,1
2026-08-14,4,sala,14,1,2,1
2026-08-14,4,sala,15,1,2,1
2026-08-14,4,sala,16,1,2,1
2026-08-14,4,sala,17,1,2,1
2026-08-14,4,sala,18,1,4,1
2026-08-14,4,sala,19,1,4,2
2026-08-14,4,sala,20,2,4,2
2026-08-14,4,sala,21,2,4,3
2026-08-14,4,sala,22,2,4,2
2026-08-14,4,sala,23,2,4,2
2026-08-14,4,sala,24,2,4,2
2026-08-14,4,barra,13,1,1,1
2026-08-14,4,barra,14,1,1,1
2026-08-14,4,barra,15,1,1,1
2026-08-14,4,barra,16,1,1,1
2026-08-14,4,barra,17,1,1,1
2026-08-14,4,barra,18,1,1,1
2026-08-14,4,barra,19,1,2,1
2026-08-14,4,barra,20,1,2,2
2026-08-14,4,barra,21,2,2,2
2026-08-14,4,barra,22,1,2,2
2026-08-14,4,barra,23,1,2,1
2026-08-14,4,barra,24,1,2,1
2026-08-15,5,cocina,12,1,1,1
2026-08-15,5,cocina,13,1,1,1
2026-08-15,5,cocina,14,1,1,1
2026-08-15,5,cocina,15,1,1,1
2026-08-15,5,cocina,16,1,1,1
2026-08-15,5,cocina,17,1,3,1
2026-08-15,5,cocina,18,1,2,1
2026-08-15,5,cocina,19,1,2,1
2026-08-15,5,cocina,20,2,2,1
2026-08-15,5,cocina,21,2,2,2
2026-08-15,5,cocina,22,2,2,1
2026-08-15,5,cocina,23,1,2,1
2026-08-15,5,cocina,24,1,2,1
2026-08-15,5,sala,13,1,2,1
2026-08-15,5,sala,14,1,2,1
2026-08-15,5,sala,15,1,2,1
2026-08-15,5,sala,16,1,2,1
2026-08-15,5,sala,17,1,2,1
2026-08-15,5,sala,18,1,4,1
2026-08-15,5,sala,19,2,4,2
2026-08-15,5,sala,20,3,4,2
2026-08-15,5,sala,21,3,4,3
2026-08-15,5,sala,22,3,4,2
2026-08-15,5,sala,23,2,4,2
2026-08-15,5,sala,24,2,4,2
2026-08-15,5,barra,13,1,1,1
2026-08-15,5,barra,14,1,1,1
2026-08-15,5,barra,15,1,1,1
2026-08-15,5,barra,16,1,1,1
2026-08-15,5,barra,17,1,1,1
2026-08-15,5,barra,18,1,1,1
2026-08-15,5,barra,19,1,2,1
2026-08-15,5,barra,20,2,2,2
2026-08-15,5,barra,21,2,2,2
2026-08-15,5,barra,22,2,2,2
2026-08-15,5,barra,23,1,2,1
2026-08-15,5,barra,24,1,2,1
2026-08-16,6,cocina,12,1,2,1
2026-08-16,6,cocina,13,1,2,1
2026-08-16,6,cocina,14,1,2,1
2026-08-16,6,cocina,15,1,2,1
2026-08-16,6,cocina,16,1,2,1
2026-08-16,6,cocina,17,1,3,1
2026-08-16,6,cocina,18,1,1,1
2026-08-16,6,cocina,19,1,1,1
2026-08-16,6,cocina,20,1,1,1
2026-08-16,6,cocina,21,1,1,1
2026-08-16,6,cocina,22,1,1,1
2026-08-16,6,sala,13,1,2,1
2026-08-16,6,sala,14,2,2,2
2026-08-16,6,sala,15,2,2,2
2026-08-16,6,sala,16,1,2,2
2026-08-16,6,sala,17,1,2,1
2026-08-16,6,sala,18,1,2,1
2026-08-16,6,sala,19,1,1,1
2026-08-16,6,sala,20,1,1,1
2026-08-16,6,sala,21,1,1,1
2026-08-16,6,sala,22,1,1,1
2026-08-16,6,barra,13,1,1,1
2026-08-16,6,barra,14,1,1,1
2026-08-16,6,barra,15,1,1,1
2026-08-16,6,barra,16,1,1,1
2026-08-16,6,barra,17,1,1,1
2026-08-16,6,barra,18,1,1,1
2026-08-16,6,barra,19,1,1,1
2026-08-16,6,barra,20,1,1,1
2026-08-16,6,barra,21,1,1,1
2026-08-16,6,barra,22,1,1,1
2026-08-18,1,cocina,12,1,1,1
2026-08-18,1,cocina,13,1,1,1
2026-08-18,1,cocina,14,1,1,1
2026-08-18,1,cocina,15,1,1,1
2026-08-18,1,cocina,16,1,1,1
2026-08-18,1,cocina,17,1,2,1
2026-08-18,1,cocina,18,1,1,1
2026-08-18,1,cocina,19,1,1,1
2026-08-18,1,cocina,20,1,1,1
2026-08-18,1,cocina,21,1,1,1
2026-08-18,1,cocina,22,1,1,1
2026-08-18,1,cocina,23,1,1,1
2026-08-18,1,sala,13,1,1,1
2026-08-18,1,sala,14,1,1,1
2026-08-18,1,sala,15,1,1,1
2026-08-18,1,sala,16,1,1,1
2026-08-18,1,sala,17,1,1,1
2026-08-18,1,sala,18,1,2,1
2026-08-18,1,sala,19,1,2,1
2026-08-18,1,sala,20,1,2,1
2026-08-18,1,sala,21,2,2,1
2026-08-18,1,sala,22,1,2,1
2026-08-18,1,sala,23,1,2,1
2026-08-18,1,barra,13,1,1,1
2026-08-18,1,barra,14,1,1,1
2026-08-18,1,barra,15,1,1,1
2026-08-18,1,barra,16,1,1,1
2026-08-18,1,barra,17,1,1,1
2026-08-18,1,barra,18,1,1,1
2026-08-18,1,barra,19,1,1,1
2026-08-18,1,barra,20,1,1,1
2026-08-18,1,barra,21,1,1,1
2026-08-18,1,barra,22,1,1,1
2026-08-18,1,barra,23,1,1,1
2026-08-19,2,cocina,12,1,1,1
2026-08-19,2,cocina,13,1,1,1
2026-08-19,2,cocina,14,1,1,1
2026-08-19,2,cocina,15,1,1,1
2026-08-19,2,cocina,16,1,1,1
2026-08-19,2,cocina,17,1,2,1
2026-08-19,2,cocina,18,1,1,1
2026-08-19,2,cocina,19,1,1,1
2026-08-19,2,cocina,20,1,1,1
2026-08-19,2,cocina,21,1,1,1
2026-08-19,2,cocina,22,1,1,1
2026-08-19,2,cocina,23,1,1,1
2026-08-19,2,sala,13,1,1,1
2026-08-19,2,sala,14,1,1,1
2026-08-19,2,sala,15,1,1,1
2026-08-19,2,sala,16,1,1,1
2026-08-19,2,sala,17,1,1,1
2026-08-19,2,sala,18,1,2,1
2026-08-19,2,sala,19,1,2,1
2026-08-19,2,sala,20,1,2,2
2026-08-19,2,sala,21,1,2,2
2026-08-19,2,sala,22,1,2,1
2026-08-19,2,sala,23,1,2,1
2026-08-19,2,barra,13,1,1,1
2026-08-19,2,barra,14,1,1,1
2026-08-19,2,barra,15,1,1,1
2026-08-19,2,barra,16,1,1,1
2026-08-19,2,barra,17,1,1,1
2026-08-19,2,barra,18,1,1,1
2026-08-19,2,barra,19,1,1,1
2026-08-19,2,barra,20,1,1,1
2026-08-19,2,barra,21,1,1,1
2026-08-19,2,barra,22,1,1,1
2026-08-19,2,barra,23,1,1,1
2026-08-20,3,cocina,12,1,1,1
2026-08-20,3,cocina,13,1,1,1
2026-08-20,3,cocina,14,1,1,1
2026-08-20,3,cocina,15,1,1,1
2026-08-20,3,cocina,16,1,1,1
2026-08-20,3,cocina,17,1,2,1
2026-08-20,3,cocina,18,1,1,1
2026-08-20,3,cocina,19,1,1,1
2026-08-20,3,cocina,20,1,1,1
2026-08-20,3,cocina,21,1,1,1
2026-08-20,3,cocina,22,1,1,1
2026-08-20,3,cocina,23,1,1,1
2026-08-20,3,sala,13,1,1,1
2026-08-20,3,sala,14,1,1,1
2026-08-20,3,sala,15,1,1,1
2026-08-20,3,sala,16,1,1,1
2026-08-20,3,sala,17,1,1,1
2026-08-20,3,sala,18,1,2,1
2026-08-20,3,sala,19,1,2,1
2026-08-20,3,sala,20,2,2,2
2026-08-20,3,sala,21,2,2,2
2026-08-20,3,sala,22,2,2,2
2026-08-20,3,sala,23,1,2,1
2026-08-20,3,barra,13,1,1,1
2026-08-20,3,barra,14,1,1,1
2026-08-20,3,barra,15,1,1,1
2026-08-20,3,barra,16,1,1,1
2026-08-20,3,barra,17,1,1,1
2026-08-20,3,barra,18,1,1,1
2026-08-20,3,barra,19,1,1,1
2026-08-20,3,barra,20,1,1,1
2026-08-20,3,barra,21,1,1,1
2026-08-20,3,barra,22,1,1,1
2026-08-20,3,barra,23,1,1,1
2026-08-21,4,cocina,12,1,1,1
2026-08-21,4,cocina,13,1,1,1
2026-08-21,4,cocina,14,1,1,1
2026-08-21,4,cocina,15,1,1,1
2026-08-21,4,cocina,16,1,1,1
2026-08-21,4,cocina,17,1,3,1
2026-08-21,4,cocina,18,1,2,1
2026-08-21,4,cocina,19,1,2,1
2026-08-21,4,cocina,20,1,2,1
2026-08-21,4,cocina,21,2,2,2
2026-08-21,4,cocina,22,1,2,2
2026-08-21,4,cocina,23,1,2,1
2026-08-21,4,cocina,24,1,2,1
2026-08-21,4,sala,13,1,2,1
2026-08-21,4,sala,14,1,2,1
2026-08-21,4,sala,15,1,2,1
2026-08-21,4,sala,16,1,2,1
2026-08-21,4,sala,17,1,2,1
2026-08-21,4,sala,18,1,4,1
2026-08-21,4,sala,19,2,4,2
2026-08-21,4,sala,20,2,4,2
2026-08-21,4,sala,21,3,4,3
2026-08-21,4,sala,22,2,4,3
2026-08-21,4,sala,23,2,4,2
2026-08-21,4,sala,24,2,4,2
2026-08-21,4,barra,13,1,1,1
2026-08-21,4,barra,14,1,1,1
2026-08-21,4,barra,15,1,1,1
2026-08-21,4,barra,16,1,1,1
2026-08-21,4,barra,17,1,1,1
2026-08-21,4,barra,18,1,1,1
2026-08-21,4,barra,19,1,2,1
2026-08-21,4,barra,20,2,2,2
2026-08-21,4,barra,21,2,2,2
2026-08-21,4,barra,22,2,2,2
2026-08-21,4,barra,23,1,2,1
2026-08-21,4,barra,24,1,2,1
2026-08-22,5,cocina,12,1,1,1
2026-08-22,5,cocina,13,1,1,1
2026-08-22,5,cocina,14,1,1,1
2026-08-22,5,cocina,15,1,1,1
2026-08-22,5,cocina,16,1,1,1
2026-08-22,5,cocina,17,1,3,1
2026-08-22,5,cocina,18,1,2,1
2026-08-22,5,cocina,19,1,2,1
2026-08-22,5,cocina,20,2,2,2
2026-08-22,5,cocina,21,2,2,2
2026-08-22,5,cocina,22,2,2,2
2026-08-22,5,cocina,23,1,2,1
2026-08-22,5,cocina,24,1,2,1
2026-08-22,5,sala,13,1,2,1
2026-08-22,5,sala,14,1,2,1
2026-08-22,5,sala,15,1,2,1
2026-08-22,5,sala,16,1,2,1
2026-08-22,5,sala,17,1,2,1
2026-08-22,5,sala,18,1,4,1
2026-08-22,5,sala,19,2,4,2
2026-08-22,5,sala,20,3,4,3
2026-08-22,5,sala,21,3,4,3
2026-08-22,5,sala,22,3,4,3
2026-08-22,5,sala,23,2,4,2
2026-08-22,5,sala,24,2,4,2
2026-08-22,5,barra,13,1,1,1
2026-08-22,5,barra,14,1,1,1
2026-08-22,5,barra,15,1,1,1
2026-08-22,5,barra,16,1,1,1
2026-08-22,5,barra,17,1,1,1
2026-08-22,5,barra,18,1,1,1
2026-08-22,5,barra,19,1,2,1
2026-08-22,5,barra,20,2,2,2
2026-08-22,5,barra,21,2,2,2
2026-08-22,5,barra,22,2,2,2
2026-08-22,5,barra,23,1,2,1
2026-08-22,5,barra,24,1,2,1
2026-08-23,6,cocina,12,1,2,1
2026-08-23,6,cocina,13,1,2,1
2026-08-23,6,cocina,14,1,2,1
2026-08-23,6,cocina,15,1,2,1
2026-08-23,6,cocina,16,1,2,1
2026-08-23,6,cocina,17,1,3,1
2026-08-23,6,cocina,18,1,1,1
2026-08-23,6,cocina,19,1,1,1
2026-08-23,6,cocina,20,1,1,1
2026-08-23,6,cocina,21,1,1,1
2026-08-23,6,cocina,22,1,1,1
2026-08-23,6,sala,13,1,2,1
2026-08-23,6,sala,14,2,2,2
2026-08-23,6,sala,15,2,2,2
2026-08-23,6,sala,16,1,2,2
2026-08-23,6,sala,17,1,2,1
2026-08-23,6,sala,18,1,2,1
2026-08-23,6,sala,19,1,1,1
2026-08-23,6,sala,20,1,1,1
2026-08-23,6,sala,21,1,1,1
2026-08-23,6,sala,22,1,1,1
2026-08-23,6,barra,13,1,1,1
2026-08-23,6,barra,14,1,1,1
2026-08-23,6,barra,15,1,1,1
2026-08-23,6,barra,16,1,1,1
2026-08-23,6,barra,17,1,1,1
2026-08-23,6,barra,18,1,1,1
2026-08-23,6,barra,19,1,1,1
2026-08-23,6,barra,20,1,1,1
2026-08-23,6,barra,21,1,1,1
2026-08-23,6,barra,22,1,1,1
2026-08-25,1,cocina,12,1,1,1
2026-08-25,1,cocina,13,1,1,1
2026-08-25,1,cocina,14,1,1,1
2026-08-25,1,cocina,15,1,1,1
2026-08-25,1,cocina,16,1,1,1
2026-08-25,1,cocina,17,1,2,1
2026-08-25,1,cocina,18,1,1,1
2026-08-25,1,cocina,19,1,1,1
2026-08-25,1,cocina,20,1,1,1
2026-08-25,1,cocina,21,1,1,1
2026-08-25,1,cocina,22,1,1,1
2026-08-25,1,cocina,23,1,1,1
2026-08-25,1,sala,13,1,1,1
2026-08-25,1,sala,14,1,1,1
2026-08-25,1,sala,15,1,1,1
2026-08-25,1,sala,16,1,1,1
2026-08-25,1,sala,17,1,1,1
2026-08-25,1,sala,18,1,2,1
2026-08-25,1,sala,19,1,2,1
2026-08-25,1,sala,20,1,2,1
2026-08-25,1,sala,21,1,2,1
2026-08-25,1,sala,22,1,2,1
2026-08-25,1,sala,23,1,2,1
2026-08-25,1,barra,13,1,1,1
2026-08-25,1,barra,14,1,1,1
2026-08-25,1,barra,15,1,1,1
2026-08-25,1,barra,16,1,1,1
2026-08-25,1,barra,17,1,1,1
2026-08-25,1,barra,18,1,1,1
2026-08-25,1,barra,19,1,1,1
2026-08-25,1,barra,20,1,1,1
2026-08-25,1,barra,21,1,1,1
2026-08-25,1,barra,22,1,1,1
2026-08-25,1,barra,23,1,1,1
2026-08-26,2,cocina,12,1,1,1
2026-08-26,2,cocina,13,1,1,1
2026-08-26,2,cocina,14,1,1,1
2026-08-26,2,cocina,15,1,1,1
2026-08-26,2,cocina,16,1,1,1
2026-08-26,2,cocina,17,1,2,1
2026-08-26,2,cocina,18,1,1,1
2026-08-26,2,cocina,19,1,1,1
2026-08-26,2,cocina,20,1,1,1
2026-08-26,2,cocina,21,1,1,1
2026-08-26,2,cocina,22,1,1,1
2026-08-26,2,cocina,23,1,1,1
2026-08-26,2,sala,13,1,1,1
2026-08-26,2,sala,14,1,1,1
2026-08-26,2,sala,15,1,1,1
2026-08-26,2,sala,16,1,1,1
2026-08-26,2,sala,17,1,1,1
2026-08-26,2,sala,18,1,2,1
2026-08-26,2,sala,19,1,2,1
2026-08-26,2,sala,20,1,2,2
2026-08-26,2,sala,21,1,2,2
2026-08-26,2,sala,22,1,2,1
2026-08-26,2,sala,23,1,2,1
2026-08-26,2,barra,13,1,1,1
2026-08-26,2,barra,14,1,1,1
2026-08-26,2,barra,15,1,1,1
2026-08-26,2,barra,16,1,1,1
2026-08-26,2,barra,17,1,1,1
2026-08-26,2,barra,18,1,1,1
2026-08-26,2,barra,19,1,1,1
2026-08-26,2,barra,20,1,1,1
2026-08-26,2,barra,21,1,1,1
2026-08-26,2,barra,22,1,1,1
2026-08-26,2,barra,23,1,1,1
2026-08-27,3,cocina,12,1,1,1
2026-08-27,3,cocina,13,1,1,1
2026-08-27,3,cocina,14,1,1,1
2026-08-27,3,cocina,15,1,1,1
2026-08-27,3,cocina,16,1,1,1
2026-08-27,3,cocina,17,1,2,1
2026-08-27,3,cocina,18,1,1,1
2026-08-27,3,cocina,19,1,1,1
2026-08-27,3,cocina,20,1,1,1
2026-08-27,3,cocina,21,1,1,1
2026-08-27,3,cocina,22,1,1,1
2026-08-27,3,cocina,23,1,1,1
2026-08-27,3,sala,13,1,1,1
2026-08-27,3,sala,14,1,1,1
2026-08-27,3,sala,15,1,1,1
2026-08-27,3,sala,16,1,1,1
2026-08-27,3,sala,17,1,1,1
2026-08-27,3,sala,18,1,2,1
2026-08-27,3,sala,19,1,2,1
2026-08-27,3,sala,20,2,2,2
2026-08-27,3,sala,21,2,2,2
2026-08-27,3,sala,22,2,2,2
2026-08-27,3,sala,23,1,2,1
2026-08-27,3,barra,13,1,1,1
2026-08-27,3,barra,14,1,1,1
2026-08-27,3,barra,15,1,1,1
2026-08-27,3,barra,16,1,1,1
2026-08-27,3,barra,17,1,1,1
2026-08-27,3,barra,18,1,1,1
2026-08-27,3,barra,19,1,1,1
2026-08-27,3,barra,20,1,1,1
2026-08-27,3,barra,21,1,1,1
2026-08-27,3,barra,22,1,1,1
2026-08-27,3,barra,23,1,1,1
2026-08-28,4,cocina,12,1,1,1
2026-08-28,4,cocina,13,1,1,1
2026-08-28,4,cocina,14,1,1,1
2026-08-28,4,cocina,15,1,1,1
2026-08-28,4,cocina,16,1,1,1
2026-08-28,4,cocina,17,1,3,1
2026-08-28,4,cocina,18,1,2,1
2026-08-28,4,cocina,19,1,2,1
2026-08-28,4,cocina,20,1,2,1
2026-08-28,4,cocina,21,1,2,2
2026-08-28,4,cocina,22,1,2,1
2026-08-28,4,cocina,23,1,2,1
2026-08-28,4,cocina,24,1,2,1
2026-08-28,4,sala,13,1,2,1
2026-08-28,4,sala,14,1,2,1
2026-08-28,4,sala,15,1,2,1
2026-08-28,4,sala,16,1,2,1
2026-08-28,4,sala,17,1,2,1
2026-08-28,4,sala,18,1,4,1
2026-08-28,4,sala,19,1,4,2
2026-08-28,4,sala,20,2,4,2
2026-08-28,4,sala,21,2,4,3
2026-08-28,4,sala,22,2,4,2
2026-08-28,4,sala,23,2,4,2
2026-08-28,4,sala,24,1,4,2
2026-08-28,4,barra,13,1,1,1
2026-08-28,4,barra,14,1,1,1
2026-08-28,4,barra,15,1,1,1
2026-08-28,4,barra,16,1,1,1
2026-08-28,4,barra,17,1,1,1
2026-08-28,4,barra,18,1,1,1
2026-08-28,4,barra,19,1,2,1
2026-08-28,4,barra,20,1,2,2
2026-08-28,4,barra,21,2,2,2
2026-08-28,4,barra,22,1,2,2
2026-08-28,4,barra,23,1,2,1
2026-08-28,4,barra,24,1,2,1
2026-08-29,5,cocina,12,1,1,1
2026-08-29,5,cocina,13,1,1,1
2026-08-29,5,cocina,14,1,1,1
2026-08-29,5,cocina,15,1,1,1
2026-08-29,5,cocina,16,1,1,1
2026-08-29,5,cocina,17,1,3,1
2026-08-29,5,cocina,18,1,2,1
2026-08-29,5,cocina,19,1,2,1
2026-08-29,5,cocina,20,2,2,2
2026-08-29,5,cocina,21,2,2,2
2026-08-29,5,cocina,22,2,2,2
2026-08-29,5,cocina,23,1,2,1
2026-08-29,5,cocina,24,1,2,1
2026-08-29,5,sala,13,1,2,1
2026-08-29,5,sala,14,1,2,1
2026-08-29,5,sala,15,1,2,1
2026-08-29,5,sala,16,1,2,1
2026-08-29,5,sala,17,1,2,1
2026-08-29,5,sala,18,1,4,1
2026-08-29,5,sala,19,2,4,2
2026-08-29,5,sala,20,3,4,3
2026-08-29,5,sala,21,3,4,3
2026-08-29,5,sala,22,3,4,3
2026-08-29,5,sala,23,2,4,2
2026-08-29,5,sala,24,2,4,2
2026-08-29,5,barra,13,1,1,1
2026-08-29,5,barra,14,1,1,1
2026-08-29,5,barra,15,1,1,1
2026-08-29,5,barra,16,1,1,1
2026-08-29,5,barra,17,1,1,1
2026-08-29,5,barra,18,1,1,1
2026-08-29,5,barra,19,1,2,1
2026-08-29,5,barra,20,2,2,2
2026-08-29,5,barra,21,2,2,2
2026-08-29,5,barra,22,2,2,2
2026-08-29,5,barra,23,1,2,2
2026-08-29,5,barra,24,1,2,1
2026-08-30,6,cocina,12,1,2,1
2026-08-30,6,cocina,13,1,2,1
2026-08-30,6,cocina,14,1,2,1
2026-08-30,6,cocina,15,1,2,1
2026-08-30,6,cocina,16,1,2,1
2026-08-30,6,cocina,17,1,3,1
2026-08-30,6,cocina,18,1,1,1
2026-08-30,6,cocina,19,1,1,1
2026-08-30,6,cocina,20,1,1,1
2026-08-30,6,cocina,21,1,1,1
2026-08-30,6,cocina,22,1,1,1
2026-08-30,6,sala,13,1,2,1
2026-08-30,6,sala,14,2,2,2
2026-08-30,6,sala,15,2,2,2
2026-08-30,6,sala,16,1,2,2
2026-08-30,6,sala,17,1,2,1
2026-08-30,6,sala,18,1,2,1
2026-08-30,6,sala,19,1,1,1
2026-08-30,6,sala,20,1,1,1
2026-08-30,6,sala,21,1,1,1
2026-08-30,6,sala,22,1,1,1
2026-08-30,6,barra,13,1,1,1
2026-08-30,6,barra,14,1,1,1
2026-08-30,6,barra,15,1,1,1
2026-08-30,6,barra,16,1,1,1
2026-08-30,6,barra,17,1,1,1
2026-08-30,6,barra,18,1,1,1
2026-08-30,6,barra,19,1,1,1
2026-08-30,6,barra,20,1,1,1
2026-08-30,6,barra,21,1,1,1
2026-08-30,6,barra,22,1,1,1
2026-09-01,1,cocina,12,1,1,1
2026-09-01,1,cocina,13,1,1,1
2026-09-01,1,cocina,14,1,1,1
2026-09-01,1,cocina,15,1,1,1
2026-09-01,1,cocina,16,1,1,1
2026-09-01,1,cocina,17,1,2,1
2026-09-01,1,cocina,18,1,1,1
2026-09-01,1,cocina,19,1,1,1
2026-09-01,1,cocina,20,1,1,1
2026-09-01,1,cocina,21,1,1,1
2026-09-01,1,cocina,22,1,1,1
2026-09-01,1,cocina,23,1,1,1
2026-09-01,1,sala,13,1,1,1
2026-09-01,1,sala,14,1,1,1
2026-09-01,1,sala,15,1,1,1
2026-09-01,1,sala,16,1,1,1
2026-09-01,1,sala,17,1,1,1
2026-09-01,1,sala,18,1,2,1
2026-09-01,1,sala,19,1,2,1
2026-09-01,1,sala,20,2,2,2
2026-09-01,1,sala,21,2,2,2
2026-09-01,1,sala,22,2,2,1
2026-09-01,1,sala,23,1,2,1
2026-09-01,1,barra,13,1,1,1
2026-09-01,1,barra,14,1,1,1
2026-09-01,1,barra,15,1,1,1
2026-09-01,1,barra,16,1,1,1
2026-09-01,1,barra,17,1,1,1
2026-09-01,1,barra,18,1,1,1
2026-09-01,1,barra,19,1,1,1
2026-09-01,1,barra,20,1,1,1
2026-09-01,1,barra,21,1,1,1
2026-09-01,1,barra,22,1,1,1
2026-09-01,1,barra,23,1,1,1
2026-09-02,2,cocina,12,1,1,1
2026-09-02,2,cocina,13,1,1,1
2026-09-02,2,cocina,14,1,1,1
2026-09-02,2,cocina,15,1,1,1
2026-09-02,2,cocina,16,1,1,1
2026-09-02,2,cocina,17,1,2,1
2026-09-02,2,cocina,18,1,1,1
2026-09-02,2,cocina,19,1,1,1
2026-09-02,2,cocina,20,1,1,2
2026-09-02,2,cocina,21,2,1,2
2026-09-02,2,cocina,22,1,1,1
2026-09-02,2,cocina,23,1,1,1
2026-09-02,2,sala,13,1,1,1
2026-09-02,2,sala,14,1,1,1
2026-09-02,2,sala,15,1,1,1
2026-09-02,2,sala,16,1,1,1
2026-09-02,2,sala,17,1,1,1
2026-09-02,2,sala,18,1,2,1
2026-09-02,2,sala,19,2,2,2
2026-09-02,2,sala,20,2,2,3
2026-09-02,2,sala,21,3,2,3
2026-09-02,2,sala,22,2,2,2
2026-09-02,2,sala,23,2,2,2
2026-09-02,2,barra,13,1,1,1
2026-09-02,2,barra,14,1,1,1
2026-09-02,2,barra,15,1,1,1
2026-09-02,2,barra,16,1,1,1
2026-09-02,2,barra,17,1,1,1
2026-09-02,2,barra,18,1,1,1
2026-09-02,2,barra,19,1,1,1
2026-09-02,2,barra,20,2,1,2
2026-09-02,2,barra,21,2,1,2
2026-09-02,2,barra,22,2,1,1
2026-09-02,2,barra,23,1,1,1
2026-09-03,3,cocina,12,1,1,1
2026-09-03,3,cocina,13,1,1,1
2026-09-03,3,cocina,14,1,1,1
2026-09-03,3,cocina,15,1,1,1
2026-09-03,3,cocina,16,1,1,1
2026-09-03,3,cocina,17,1,2,1
2026-09-03,3,cocina,18,1,1,1
2026-09-03,3,cocina,19,1,1,1
2026-09-03,3,cocina,20,2,1,2
2026-09-03,3,cocina,21,2,1,2
2026-09-03,3,cocina,22,2,1,1
2026-09-03,3,cocina,23,1,1,1
2026-09-03,3,sala,13,1,1,1
2026-09-03,3,sala,14,2,1,1
2026-09-03,3,sala,15,1,1,1
2026-09-03,3,sala,16,1,1,1
2026-09-03,3,sala,17,1,1,1
2026-09-03,3,sala,18,1,2,1
2026-09-03,3,sala,19,2,2,2
2026-09-03,3,sala,20,3,2,3
2026-09-03,3,sala,21,3,2,3
2026-09-03,3,sala,22,3,2,2
2026-09-03,3,sala,23,2,2,2
2026-09-03,3,barra,13,1,1,1
2026-09-03,3,barra,14,1,1,1
2026-09-03,3,barra,15,1,1,1
2026-09-03,3,barra,16,1,1,1
2026-09-03,3,barra,17,1,1,1
2026-09-03,3,barra,18,1,1,1
2026-09-03,3,barra,19,1,1,1
2026-09-03,3,barra,20,2,1,2
2026-09-03,3,barra,21,2,1,2
2026-09-03,3,barra,22,2,1,2
2026-09-03,3,barra,23,1,1,1
2026-09-04,4,cocina,12,1,1,1
2026-09-04,4,cocina,13,1,1,1
2026-09-04,4,cocina,14,1,1,1
2026-09-04,4,cocina,15,1,1,1
2026-09-04,4,cocina,16,1,1,1
2026-09-04,4,cocina,17,1,3,1
2026-09-04,4,cocina,18,1,2,1
2026-09-04,4,cocina,19,1,2,1
2026-09-04,4,cocina,20,2,2,2
2026-09-04,4,cocina,21,2,2,2
2026-09-04,4,cocina,22,2,2,2
2026-09-04,4,cocina,23,1,2,1
2026-09-04,4,cocina,24,1,2,1
2026-09-04,4,sala,13,1,2,1
2026-09-04,4,sala,14,1,2,1
2026-09-04,4,sala,15,1,2,1
2026-09-04,4,sala,16,1,2,1
2026-09-04,4,sala,17,1,2,1
2026-09-04,4,sala,18,1,4,1
2026-09-04,4,sala,19,2,4,2
2026-09-04,4,sala,20,3,4,3
2026-09-04,4,sala,21,4,4,3
2026-09-04,4,sala,22,3,4,3
2026-09-04,4,sala,23,2,4,2
2026-09-04,4,sala,24,2,4,2
2026-09-04,4,barra,13,1,1,1
2026-09-04,4,barra,14,1,1,1
2026-09-04,4,barra,15,1,1,1
2026-09-04,4,barra,16,1,1,1
2026-09-04,4,barra,17,1,1,1
2026-09-04,4,barra,18,1,1,1
2026-09-04,4,barra,19,1,2,1
2026-09-04,4,barra,20,2,2,2
2026-09-04,4,barra,21,2,2,2
2026-09-04,4,barra,22,2,2,2
2026-09-04,4,barra,23,2,2,2
2026-09-04,4,barra,24,1,2,1
2026-09-05,5,cocina,12,1,1,1
2026-09-05,5,cocina,13,1,1,1
2026-09-05,5,cocina,14,1,1,1
2026-09-05,5,cocina,15,1,1,1
2026-09-05,5,cocina,16,1,1,1
2026-09-05,5,cocina,17,1,3,1
2026-09-05,5,cocina,18,1,2,1
2026-09-05,5,cocina,19,1,2,1
2026-09-05,5,cocina,20,2,2,2
2026-09-05,5,cocina,21,2,2,2
2026-09-05,5,cocina,22,2,2,2
2026-09-05,5,cocina,23,2,2,2
2026-09-05,5,cocina,24,1,2,1
2026-09-05,5,sala,13,1,2,1
2026-09-05,5,sala,14,2,2,1
2026-09-05,5,sala,15,2,2,1
2026-09-05,5,sala,16,1,2,1
2026-09-05,5,sala,17,1,2,1
2026-09-05,5,sala,18,1,4,1
2026-09-05,5,sala,19,2,4,2
2026-09-05,5,sala,20,4,4,3
2026-09-05,5,sala,21,4,4,4
2026-09-05,5,sala,22,4,4,3
2026-09-05,5,sala,23,3,4,3
2026-09-05,5,sala,24,2,4,2
2026-09-05,5,barra,13,1,1,1
2026-09-05,5,barra,14,1,1,1
2026-09-05,5,barra,15,1,1,1
2026-09-05,5,barra,16,1,1,1
2026-09-05,5,barra,17,1,1,1
2026-09-05,5,barra,18,1,1,1
2026-09-05,5,barra,19,2,2,1
2026-09-05,5,barra,20,2,2,2
2026-09-05,5,barra,21,3,2,2
2026-09-05,5,barra,22,2,2,2
2026-09-05,5,barra,23,2,2,2
2026-09-05,5,barra,24,2,2,1
2026-09-06,6,cocina,12,1,2,1
2026-09-06,6,cocina,13,1,2,1
2026-09-06,6,cocina,14,2,2,1
2026-09-06,6,cocina,15,1,2,1
2026-09-06,6,cocina,16,1,2,1
2026-09-06,6,cocina,17,1,3,1
2026-09-06,6,cocina,18,1,1,1
2026-09-06,6,cocina,19,1,1,1
2026-09-06,6,cocina,20,1,1,1
2026-09-06,6,cocina,21,1,1,1
2026-09-06,6,cocina,22,1,1,1
2026-09-06,6,sala,13,2,2,2
2026-09-06,6,sala,14,3,2,2
2026-09-06,6,sala,15,2,2,2
2026-09-06,6,sala,16,2,2,2
2026-09-06,6,sala,17,1,2,1
2026-09-06,6,sala,18,1,2,1
2026-09-06,6,sala,19,1,1,2
2026-09-06,6,sala,20,2,1,2
2026-09-06,6,sala,21,1,1,1
2026-09-06,6,sala,22,1,1,1
2026-09-06,6,barra,13,1,1,1
2026-09-06,6,barra,14,2,1,2
2026-09-06,6,barra,15,2,1,2
2026-09-06,6,barra,16,1,1,2
2026-09-06,6,barra,17,1,1,1
2026-09-06,6,barra,18,1,1,1
2026-09-06,6,barra,19,1,1,1
2026-09-06,6,barra,20,1,1,1
2026-09-06,6,barra,21,1,1,1
2026-09-06,6,barra,22,1,1,1
2026-09-08,1,cocina,12,1,1,1
2026-09-08,1,cocina,13,1,1,1
2026-09-08,1,cocina,14,1,1,1
2026-09-08,1,cocina,15,1,1,1
2026-09-08,1,cocina,16,1,1,1
2026-09-08,1,cocina,17,1,2,1
2026-09-08,1,cocina,18,1,1,1
2026-09-08,1,cocina,19,1,1,1
2026-09-08,1,cocina,20,1,1,1
2026-09-08,1,cocina,21,1,1,1
2026-09-08,1,cocina,22,1,1,1
2026-09-08,1,cocina,23,1,1,1
2026-09-08,1,sala,13,1,1,1
2026-09-08,1,sala,14,1,1,1
2026-09-08,1,sala,15,1,1,1
2026-09-08,1,sala,16,1,1,1
2026-09-08,1,sala,17,1,1,1
2026-09-08,1,sala,18,1,2,1
2026-09-08,1,sala,19,1,2,1
2026-09-08,1,sala,20,2,2,2
2026-09-08,1,sala,21,2,2,2
2026-09-08,1,sala,22,2,2,2
2026-09-08,1,sala,23,1,2,1
2026-09-08,1,barra,13,1,1,1
2026-09-08,1,barra,14,1,1,1
2026-09-08,1,barra,15,1,1,1
2026-09-08,1,barra,16,1,1,1
2026-09-08,1,barra,17,1,1,1
2026-09-08,1,barra,18,1,1,1
2026-09-08,1,barra,19,1,1,1
2026-09-08,1,barra,20,1,1,1
2026-09-08,1,barra,21,1,1,1
2026-09-08,1,barra,22,1,1,1
2026-09-08,1,barra,23,1,1,1
2026-09-09,2,cocina,12,1,1,1
2026-09-09,2,cocina,13,1,1,1
2026-09-09,2,cocina,14,1,1,1
2026-09-09,2,cocina,15,1,1,1
2026-09-09,2,cocina,16,1,1,1
2026-09-09,2,cocina,17,1,2,1
2026-09-09,2,cocina,18,1,1,1
2026-09-09,2,cocina,19,1,1,1
2026-09-09,2,cocina,20,1,1,1
2026-09-09,2,cocina,21,1,1,1
2026-09-09,2,cocina,22,1,1,1
2026-09-09,2,cocina,23,1,1,1
2026-09-09,2,sala,13,1,1,1
2026-09-09,2,sala,14,1,1,1
2026-09-09,2,sala,15,1,1,1
2026-09-09,2,sala,16,1,1,1
2026-09-09,2,sala,17,1,1,1
2026-09-09,2,sala,18,1,2,1
2026-09-09,2,sala,19,1,2,1
2026-09-09,2,sala,20,2,2,2
2026-09-09,2,sala,21,2,2,2
2026-09-09,2,sala,22,2,2,2
2026-09-09,2,sala,23,1,2,1
2026-09-09,2,barra,13,1,1,1
2026-09-09,2,barra,14,1,1,1
2026-09-09,2,barra,15,1,1,1
2026-09-09,2,barra,16,1,1,1
2026-09-09,2,barra,17,1,1,1
2026-09-09,2,barra,18,1,1,1
2026-09-09,2,barra,19,1,1,1
2026-09-09,2,barra,20,1,1,1
2026-09-09,2,barra,21,1,1,1
2026-09-09,2,barra,22,1,1,1
2026-09-09,2,barra,23,1,1,1
2026-09-10,3,cocina,12,1,1,1
2026-09-10,3,cocina,13,1,1,1
2026-09-10,3,cocina,14,1,1,1
2026-09-10,3,cocina,15,1,1,1
2026-09-10,3,cocina,16,1,1,1
2026-09-10,3,cocina,17,1,2,1
2026-09-10,3,cocina,18,1,1,1
2026-09-10,3,cocina,19,1,1,1
2026-09-10,3,cocina,20,1,1,2
2026-09-10,3,cocina,21,2,1,2
2026-09-10,3,cocina,22,1,1,2
2026-09-10,3,cocina,23,1,1,1
2026-09-10,3,sala,13,1,1,1
2026-09-10,3,sala,14,1,1,2
2026-09-10,3,sala,15,1,1,2
2026-09-10,3,sala,16,1,1,2
2026-09-10,3,sala,17,1,1,1
2026-09-10,3,sala,18,1,2,1
2026-09-10,3,sala,19,2,2,2
2026-09-10,3,sala,20,2,2,3
2026-09-10,3,sala,21,3,2,3
2026-09-10,3,sala,22,2,2,3
2026-09-10,3,sala,23,2,2,2
2026-09-10,3,barra,13,1,1,1
2026-09-10,3,barra,14,1,1,1
2026-09-10,3,barra,15,1,1,1
2026-09-10,3,barra,16,1,1,1
2026-09-10,3,barra,17,1,1,1
2026-09-10,3,barra,18,1,1,1
2026-09-10,3,barra,19,1,1,1
2026-09-10,3,barra,20,2,1,2
2026-09-10,3,barra,21,2,1,2
2026-09-10,3,barra,22,1,1,2
2026-09-10,3,barra,23,1,1,1
2026-09-11,4,cocina,12,1,1,1
2026-09-11,4,cocina,13,1,1,1
2026-09-11,4,cocina,14,1,1,1
2026-09-11,4,cocina,15,1,1,1
2026-09-11,4,cocina,16,1,1,1
2026-09-11,4,cocina,17,1,3,1
2026-09-11,4,cocina,18,1,2,1
2026-09-11,4,cocina,19,1,2,1
2026-09-11,4,cocina,20,2,2,2
2026-09-11,4,cocina,21,2,2,2
2026-09-11,4,cocina,22,2,2,2
2026-09-11,4,cocina,23,1,2,1
2026-09-11,4,cocina,24,1,2,1
2026-09-11,4,sala,13,1,2,1
2026-09-11,4,sala,14,1,2,1
2026-09-11,4,sala,15,1,2,1
2026-09-11,4,sala,16,1,2,1
2026-09-11,4,sala,17,1,2,1
2026-09-11,4,sala,18,1,4,1
2026-09-11,4,sala,19,2,4,2
2026-09-11,4,sala,20,3,4,3
2026-09-11,4,sala,21,3,4,3
2026-09-11,4,sala,22,3,4,3
2026-09-11,4,sala,23,2,4,2
2026-09-11,4,sala,24,2,4,2
2026-09-11,4,barra,13,1,1,1
2026-09-11,4,barra,14,1,1,1
2026-09-11,4,barra,15,1,1,1
2026-09-11,4,barra,16,1,1,1
2026-09-11,4,barra,17,1,1,1
2026-09-11,4,barra,18,1,1,1
2026-09-11,4,barra,19,1,2,1
2026-09-11,4,barra,20,2,2,2
2026-09-11,4,barra,21,2,2,2
2026-09-11,4,barra,22,2,2,2
2026-09-11,4,barra,23,2,2,2
2026-09-11,4,barra,24,1,2,1
2026-09-12,5,cocina,12,1,1,1
2026-09-12,5,cocina,13,1,1,1
2026-09-12,5,cocina,14,1,1,1
2026-09-12,5,cocina,15,1,1,1
2026-09-12,5,cocina,16,1,1,1
2026-09-12,5,cocina,17,1,3,1
2026-09-12,5,cocina,18,1,2,1
2026-09-12,5,cocina,19,1,2,1
2026-09-12,5,cocina,20,2,2,2
2026-09-12,5,cocina,21,2,2,2
2026-09-12,5,cocina,22,2,2,2
2026-09-12,5,cocina,23,2,2,2
2026-09-12,5,cocina,24,2,2,1
2026-09-12,5,sala,13,1,2,1
2026-09-12,5,sala,14,2,2,2
2026-09-12,5,sala,15,2,2,2
2026-09-12,5,sala,16,1,2,2
2026-09-12,5,sala,17,1,2,1
2026-09-12,5,sala,18,2,4,1
2026-09-12,5,sala,19,2,4,2
2026-09-12,5,sala,20,4,4,3
2026-09-12,5,sala,21,4,4,4
2026-09-12,5,sala,22,4,4,3
2026-09-12,5,sala,23,3,4,3
2026-09-12,5,sala,24,3,4,2
2026-09-12,5,barra,13,1,1,1
2026-09-12,5,barra,14,1,1,1
2026-09-12,5,barra,15,1,1,1
2026-09-12,5,barra,16,1,1,1
2026-09-12,5,barra,17,1,1,1
2026-09-12,5,barra,18,1,1,1
2026-09-12,5,barra,19,2,2,1
2026-09-12,5,barra,20,2,2,2
2026-09-12,5,barra,21,3,2,2
2026-09-12,5,barra,22,3,2,2
2026-09-12,5,barra,23,2,2,2
2026-09-12,5,barra,24,2,2,2
2026-09-13,6,cocina,12,1,2,1
2026-09-13,6,cocina,13,1,2,1
2026-09-13,6,cocina,14,2,2,2
2026-09-13,6,cocina,15,1,2,2
2026-09-13,6,cocina,16,1,2,1
2026-09-13,6,cocina,17,1,3,1
2026-09-13,6,cocina,18,1,1,1
2026-09-13,6,cocina,19,1,1,1
2026-09-13,6,cocina,20,1,1,1
2026-09-13,6,cocina,21,1,1,1
2026-09-13,6,cocina,22,1,1,1
2026-09-13,6,sala,13,2,2,2
2026-09-13,6,sala,14,3,2,3
2026-09-13,6,sala,15,2,2,3
2026-09-13,6,sala,16,2,2,3
2026-09-13,6,sala,17,1,2,1
2026-09-13,6,sala,18,1,2,1
2026-09-13,6,sala,19,1,1,2
2026-09-13,6,sala,20,2,1,2
2026-09-13,6,sala,21,1,1,1
2026-09-13,6,sala,22,1,1,1
2026-09-13,6,barra,13,1,1,1
2026-09-13,6,barra,14,2,1,2
2026-09-13,6,barra,15,2,1,2
2026-09-13,6,barra,16,1,1,2
2026-09-13,6,barra,17,1,1,1
2026-09-13,6,barra,18,1,1,1
2026-09-13,6,barra,19,1,1,1
2026-09-13,6,barra,20,1,1,1
2026-09-13,6,barra,21,1,1,1
2026-09-13,6,barra,22,1,1,1
2026-09-15,1,cocina,12,1,1,1
2026-09-15,1,cocina,13,1,1,1
2026-09-15,1,cocina,14,1,1,1
2026-09-15,1,cocina,15,1,1,1
2026-09-15,1,cocina,16,1,1,1
2026-09-15,1,cocina,17,1,2,1
2026-09-15,1,cocina,18,1,1,1
2026-09-15,1,cocina,19,1,1,1
2026-09-15,1,cocina,20,1,1,1
2026-09-15,1,cocina,21,1,1,1
2026-09-15,1,cocina,22,1,1,1
2026-09-15,1,cocina,23,1,1,1
2026-09-15,1,sala,13,1,1,1
2026-09-15,1,sala,14,1,1,1
2026-09-15,1,sala,15,1,1,1
2026-09-15,1,sala,16,1,1,1
2026-09-15,1,sala,17,1,1,1
2026-09-15,1,sala,18,1,2,1
2026-09-15,1,sala,19,1,2,1
2026-09-15,1,sala,20,2,2,2
2026-09-15,1,sala,21,2,2,2
2026-09-15,1,sala,22,1,2,2
2026-09-15,1,sala,23,1,2,1
2026-09-15,1,barra,13,1,1,1
2026-09-15,1,barra,14,1,1,1
2026-09-15,1,barra,15,1,1,1
2026-09-15,1,barra,16,1,1,1
2026-09-15,1,barra,17,1,1,1
2026-09-15,1,barra,18,1,1,1
2026-09-15,1,barra,19,1,1,1
2026-09-15,1,barra,20,1,1,1
2026-09-15,1,barra,21,1,1,1
2026-09-15,1,barra,22,1,1,1
2026-09-15,1,barra,23,1,1,1
2026-09-16,2,cocina,12,1,1,1
2026-09-16,2,cocina,13,1,1,1
2026-09-16,2,cocina,14,1,1,1
2026-09-16,2,cocina,15,1,1,1
2026-09-16,2,cocina,16,1,1,1
2026-09-16,2,cocina,17,1,2,1
2026-09-16,2,cocina,18,1,1,1
2026-09-16,2,cocina,19,1,1,1
2026-09-16,2,cocina,20,1,1,1
2026-09-16,2,cocina,21,1,1,1
2026-09-16,2,cocina,22,1,1,1
2026-09-16,2,cocina,23,1,1,1
2026-09-16,2,sala,13,1,1,1
2026-09-16,2,sala,14,1,1,1
2026-09-16,2,sala,15,1,1,1
2026-09-16,2,sala,16,1,1,1
2026-09-16,2,sala,17,1,1,1
2026-09-16,2,sala,18,1,2,1
2026-09-16,2,sala,19,1,2,2
2026-09-16,2,sala,20,2,2,2
2026-09-16,2,sala,21,2,2,2
2026-09-16,2,sala,22,2,2,2
2026-09-16,2,sala,23,1,2,1
2026-09-16,2,barra,13,1,1,1
2026-09-16,2,barra,14,1,1,1
2026-09-16,2,barra,15,1,1,1
2026-09-16,2,barra,16,1,1,1
2026-09-16,2,barra,17,1,1,1
2026-09-16,2,barra,18,1,1,1
2026-09-16,2,barra,19,1,1,1
2026-09-16,2,barra,20,1,1,2
2026-09-16,2,barra,21,1,1,2
2026-09-16,2,barra,22,1,1,1
2026-09-16,2,barra,23,1,1,1
2026-09-17,3,cocina,12,1,1,1
2026-09-17,3,cocina,13,1,1,1
2026-09-17,3,cocina,14,1,1,1
2026-09-17,3,cocina,15,1,1,1
2026-09-17,3,cocina,16,1,1,1
2026-09-17,3,cocina,17,1,2,1
2026-09-17,3,cocina,18,1,1,1
2026-09-17,3,cocina,19,1,1,1
2026-09-17,3,cocina,20,2,1,2
2026-09-17,3,cocina,21,2,1,2
2026-09-17,3,cocina,22,2,1,2
2026-09-17,3,cocina,23,1,1,1
2026-09-17,3,sala,13,1,1,1
2026-09-17,3,sala,14,2,1,2
2026-09-17,3,sala,15,2,1,2
2026-09-17,3,sala,16,1,1,2
2026-09-17,3,sala,17,1,1,1
2026-09-17,3,sala,18,1,2,1
2026-09-17,3,sala,19,2,2,2
2026-09-17,3,sala,20,3,2,3
2026-09-17,3,sala,21,3,2,3
2026-09-17,3,sala,22,3,2,3
2026-09-17,3,sala,23,2,2,2
2026-09-17,3,barra,13,1,1,1
2026-09-17,3,barra,14,1,1,1
2026-09-17,3,barra,15,1,1,1
2026-09-17,3,barra,16,1,1,1
2026-09-17,3,barra,17,1,1,1
2026-09-17,3,barra,18,1,1,1
2026-09-17,3,barra,19,1,1,1
2026-09-17,3,barra,20,2,1,2
2026-09-17,3,barra,21,2,1,2
2026-09-17,3,barra,22,2,1,2
2026-09-17,3,barra,23,1,1,1
2026-09-18,4,cocina,12,1,1,1
2026-09-18,4,cocina,13,1,1,1
2026-09-18,4,cocina,14,1,1,1
2026-09-18,4,cocina,15,1,1,1
2026-09-18,4,cocina,16,1,1,1
2026-09-18,4,cocina,17,1,3,1
2026-09-18,4,cocina,18,1,2,1
2026-09-18,4,cocina,19,1,2,1
2026-09-18,4,cocina,20,2,2,2
2026-09-18,4,cocina,21,2,2,2
2026-09-18,4,cocina,22,2,2,2
2026-09-18,4,cocina,23,1,2,1
2026-09-18,4,cocina,24,1,2,1
2026-09-18,4,sala,13,1,2,1
2026-09-18,4,sala,14,1,2,1
2026-09-18,4,sala,15,1,2,1
2026-09-18,4,sala,16,1,2,1
2026-09-18,4,sala,17,1,2,1
2026-09-18,4,sala,18,1,4,1
2026-09-18,4,sala,19,2,4,2
2026-09-18,4,sala,20,3,4,3
2026-09-18,4,sala,21,3,4,4
2026-09-18,4,sala,22,3,4,3
2026-09-18,4,sala,23,2,4,2
2026-09-18,4,sala,24,2,4,2
2026-09-18,4,barra,13,1,1,1
2026-09-18,4,barra,14,1,1,1
2026-09-18,4,barra,15,1,1,1
2026-09-18,4,barra,16,1,1,1
2026-09-18,4,barra,17,1,1,1
2026-09-18,4,barra,18,1,1,1
2026-09-18,4,barra,19,1,2,1
2026-09-18,4,barra,20,2,2,2
2026-09-18,4,barra,21,2,2,2
2026-09-18,4,barra,22,2,2,2
2026-09-18,4,barra,23,2,2,2
2026-09-18,4,barra,24,1,2,1
2026-09-19,5,cocina,12,1,1,1
2026-09-19,5,cocina,13,1,1,1
2026-09-19,5,cocina,14,1,1,1
2026-09-19,5,cocina,15,1,1,1
2026-09-19,5,cocina,16,1,1,1
2026-09-19,5,cocina,17,1,3,1
2026-09-19,5,cocina,18,1,2,1
2026-09-19,5,cocina,19,1,2,1
2026-09-19,5,cocina,20,2,2,2
2026-09-19,5,cocina,21,2,2,2
2026-09-19,5,cocina,22,2,2,2
2026-09-19,5,cocina,23,2,2,2
2026-09-19,5,cocina,24,1,2,1
2026-09-19,5,sala,13,1,2,1
2026-09-19,5,sala,14,2,2,2
2026-09-19,5,sala,15,2,2,2
2026-09-19,5,sala,16,1,2,2
2026-09-19,5,sala,17,1,2,1
2026-09-19,5,sala,18,1,4,1
2026-09-19,5,sala,19,2,4,2
2026-09-19,5,sala,20,3,4,4
2026-09-19,5,sala,21,4,4,4
2026-09-19,5,sala,22,4,4,4
2026-09-19,5,sala,23,3,4,3
2026-09-19,5,sala,24,2,4,2
2026-09-19,5,barra,13,1,1,1
2026-09-19,5,barra,14,1,1,1
2026-09-19,5,barra,15,1,1,1
2026-09-19,5,barra,16,1,1,1
2026-09-19,5,barra,17,1,1,1
2026-09-19,5,barra,18,1,1,1
2026-09-19,5,barra,19,2,2,2
2026-09-19,5,barra,20,2,2,2
2026-09-19,5,barra,21,3,2,3
2026-09-19,5,barra,22,2,2,2
2026-09-19,5,barra,23,2,2,2
2026-09-19,5,barra,24,2,2,2
2026-09-20,6,cocina,12,1,2,1
2026-09-20,6,cocina,13,1,2,1
2026-09-20,6,cocina,14,1,2,2
2026-09-20,6,cocina,15,1,2,2
2026-09-20,6,cocina,16,1,2,1
2026-09-20,6,cocina,17,1,3,1
2026-09-20,6,cocina,18,1,1,1
2026-09-20,6,cocina,19,1,1,1
2026-09-20,6,cocina,20,1,1,1
2026-09-20,6,cocina,21,1,1,1
2026-09-20,6,cocina,22,1,1,1
2026-09-20,6,sala,13,2,2,2
2026-09-20,6,sala,14,2,2,3
2026-09-20,6,sala,15,2,2,3
2026-09-20,6,sala,16,2,2,3
2026-09-20,6,sala,17,1,2,1
2026-09-20,6,sala,18,1,2,1
2026-09-20,6,sala,19,1,1,2
2026-09-20,6,sala,20,2,1,2
2026-09-20,6,sala,21,1,1,2
2026-09-20,6,sala,22,1,1,1
2026-09-20,6,barra,13,1,1,1
2026-09-20,6,barra,14,2,1,2
2026-09-20,6,barra,15,2,1,2
2026-09-20,6,barra,16,1,1,2
2026-09-20,6,barra,17,1,1,1
2026-09-20,6,barra,18,1,1,1
2026-09-20,6,barra,19,1,1,1
2026-09-20,6,barra,20,1,1,1
2026-09-20,6,barra,21,1,1,1
2026-09-20,6,barra,22,1,1,1
2026-09-22,1,cocina,12,1,1,1
2026-09-22,1,cocina,13,1,1,1
2026-09-22,1,cocina,14,1,1,1
2026-09-22,1,cocina,15,1,1,1
2026-09-22,1,cocina,16,1,1,1
2026-09-22,1,cocina,17,1,2,1
2026-09-22,1,cocina,18,1,1,1
2026-09-22,1,cocina,19,1,1,1
2026-09-22,1,cocina,20,1,1,1
2026-09-22,1,cocina,21,1,1,1
2026-09-22,1,cocina,22,1,1,1
2026-09-22,1,cocina,23,1,1,1
2026-09-22,1,sala,13,1,1,1
2026-09-22,1,sala,14,1,1,1
2026-09-22,1,sala,15,1,1,1
2026-09-22,1,sala,16,1,1,1
2026-09-22,1,sala,17,1,1,1
2026-09-22,1,sala,18,1,2,1
2026-09-22,1,sala,19,1,2,1
2026-09-22,1,sala,20,2,2,2
2026-09-22,1,sala,21,2,2,2
2026-09-22,1,sala,22,1,2,2
2026-09-22,1,sala,23,1,2,1
2026-09-22,1,barra,13,1,1,1
2026-09-22,1,barra,14,1,1,1
2026-09-22,1,barra,15,1,1,1
2026-09-22,1,barra,16,1,1,1
2026-09-22,1,barra,17,1,1,1
2026-09-22,1,barra,18,1,1,1
2026-09-22,1,barra,19,1,1,1
2026-09-22,1,barra,20,1,1,1
2026-09-22,1,barra,21,1,1,1
2026-09-22,1,barra,22,1,1,1
2026-09-22,1,barra,23,1,1,1
2026-09-23,2,cocina,12,1,1,1
2026-09-23,2,cocina,13,1,1,1
2026-09-23,2,cocina,14,1,1,1
2026-09-23,2,cocina,15,1,1,1
2026-09-23,2,cocina,16,1,1,1
2026-09-23,2,cocina,17,1,2,1
2026-09-23,2,cocina,18,1,1,1
2026-09-23,2,cocina,19,1,1,1
2026-09-23,2,cocina,20,1,1,1
2026-09-23,2,cocina,21,1,1,1
2026-09-23,2,cocina,22,1,1,1
2026-09-23,2,cocina,23,1,1,1
2026-09-23,2,sala,13,1,1,1
2026-09-23,2,sala,14,1,1,1
2026-09-23,2,sala,15,1,1,1
2026-09-23,2,sala,16,1,1,1
2026-09-23,2,sala,17,1,1,1
2026-09-23,2,sala,18,1,2,1
2026-09-23,2,sala,19,2,2,2
2026-09-23,2,sala,20,2,2,2
2026-09-23,2,sala,21,2,2,2
2026-09-23,2,sala,22,2,2,2
2026-09-23,2,sala,23,1,2,1
2026-09-23,2,barra,13,1,1,1
2026-09-23,2,barra,14,1,1,1
2026-09-23,2,barra,15,1,1,1
2026-09-23,2,barra,16,1,1,1
2026-09-23,2,barra,17,1,1,1
2026-09-23,2,barra,18,1,1,1
2026-09-23,2,barra,19,1,1,1
2026-09-23,2,barra,20,1,1,2
2026-09-23,2,barra,21,2,1,2
2026-09-23,2,barra,22,1,1,1
2026-09-23,2,barra,23,1,1,1
2026-09-24,3,cocina,12,1,1,1
2026-09-24,3,cocina,13,1,1,1
2026-09-24,3,cocina,14,1,1,1
2026-09-24,3,cocina,15,1,1,1
2026-09-24,3,cocina,16,1,1,1
2026-09-24,3,cocina,17,1,2,1
2026-09-24,3,cocina,18,1,1,1
2026-09-24,3,cocina,19,1,1,1
2026-09-24,3,cocina,20,2,1,2
2026-09-24,3,cocina,21,2,1,2
2026-09-24,3,cocina,22,1,1,2
2026-09-24,3,cocina,23,1,1,1
2026-09-24,3,sala,13,1,1,1
2026-09-24,3,sala,14,1,1,2
2026-09-24,3,sala,15,1,1,2
2026-09-24,3,sala,16,1,1,2
2026-09-24,3,sala,17,1,1,1
2026-09-24,3,sala,18,1,2,1
2026-09-24,3,sala,19,2,2,2
2026-09-24,3,sala,20,3,2,3
2026-09-24,3,sala,21,3,2,3
2026-09-24,3,sala,22,2,2,3
2026-09-24,3,sala,23,2,2,2
2026-09-24,3,barra,13,1,1,1
2026-09-24,3,barra,14,1,1,1
2026-09-24,3,barra,15,1,1,1
2026-09-24,3,barra,16,1,1,1
2026-09-24,3,barra,17,1,1,1
2026-09-24,3,barra,18,1,1,1
2026-09-24,3,barra,19,1,1,1
2026-09-24,3,barra,20,2,1,2
2026-09-24,3,barra,21,2,1,2
2026-09-24,3,barra,22,2,1,2
2026-09-24,3,barra,23,1,1,1
2026-09-25,4,cocina,12,1,1,1
2026-09-25,4,cocina,13,1,1,1
2026-09-25,4,cocina,14,1,1,1
2026-09-25,4,cocina,15,1,1,1
2026-09-25,4,cocina,16,1,1,1
2026-09-25,4,cocina,17,1,3,1
2026-09-25,4,cocina,18,1,2,1
2026-09-25,4,cocina,19,1,2,1
2026-09-25,4,cocina,20,2,2,2
2026-09-25,4,cocina,21,2,2,2
2026-09-25,4,cocina,22,2,2,2
2026-09-25,4,cocina,23,1,2,2
2026-09-25,4,cocina,24,1,2,1
2026-09-25,4,sala,13,1,2,1
2026-09-25,4,sala,14,1,2,2
2026-09-25,4,sala,15,1,2,2
2026-09-25,4,sala,16,1,2,2
2026-09-25,4,sala,17,1,2,1
2026-09-25,4,sala,18,1,4,1
2026-09-25,4,sala,19,2,4,2
2026-09-25,4,sala,20,3,4,3
2026-09-25,4,sala,21,3,4,4
2026-09-25,4,sala,22,3,4,4
2026-09-25,4,sala,23,2,4,3
2026-09-25,4,sala,24,2,4,2
2026-09-25,4,barra,13,1,1,1
2026-09-25,4,barra,14,1,1,1
2026-09-25,4,barra,15,1,1,1
2026-09-25,4,barra,16,1,1,1
2026-09-25,4,barra,17,1,1,1
2026-09-25,4,barra,18,1,1,1
2026-09-25,4,barra,19,1,2,2
2026-09-25,4,barra,20,2,2,2
2026-09-25,4,barra,21,2,2,3
2026-09-25,4,barra,22,2,2,2
2026-09-25,4,barra,23,1,2,2
2026-09-25,4,barra,24,1,2,2
2026-09-26,5,cocina,12,1,1,1
2026-09-26,5,cocina,13,1,1,1
2026-09-26,5,cocina,14,1,1,1
2026-09-26,5,cocina,15,1,1,1
2026-09-26,5,cocina,16,1,1,1
2026-09-26,5,cocina,17,1,3,1
2026-09-26,5,cocina,18,1,2,1
2026-09-26,5,cocina,19,1,2,1
2026-09-26,5,cocina,20,2,2,2
2026-09-26,5,cocina,21,2,2,2
2026-09-26,5,cocina,22,2,2,2
2026-09-26,5,cocina,23,2,2,2
2026-09-26,5,cocina,24,2,2,2
2026-09-26,5,sala,13,1,2,1
2026-09-26,5,sala,14,2,2,2
2026-09-26,5,sala,15,2,2,2
2026-09-26,5,sala,16,1,2,2
2026-09-26,5,sala,17,1,2,1
2026-09-26,5,sala,18,1,4,1
2026-09-26,5,sala,19,2,4,2
2026-09-26,5,sala,20,4,4,4
2026-09-26,5,sala,21,4,4,4
2026-09-26,5,sala,22,4,4,4
2026-09-26,5,sala,23,3,4,3
2026-09-26,5,sala,24,3,4,3
2026-09-26,5,barra,13,1,1,1
2026-09-26,5,barra,14,1,1,1
2026-09-26,5,barra,15,1,1,1
2026-09-26,5,barra,16,1,1,1
2026-09-26,5,barra,17,1,1,1
2026-09-26,5,barra,18,1,1,1
2026-09-26,5,barra,19,2,2,2
2026-09-26,5,barra,20,2,2,2
2026-09-26,5,barra,21,3,2,3
2026-09-26,5,barra,22,2,2,2
2026-09-26,5,barra,23,2,2,2
2026-09-26,5,barra,24,2,2,2
2026-09-27,6,cocina,12,1,2,1
2026-09-27,6,cocina,13,1,2,1
2026-09-27,6,cocina,14,1,2,2
2026-09-27,6,cocina,15,1,2,2
2026-09-27,6,cocina,16,1,2,1
2026-09-27,6,cocina,17,1,3,1
2026-09-27,6,cocina,18,1,1,1
2026-09-27,6,cocina,19,1,1,1
2026-09-27,6,cocina,20,1,1,1
2026-09-27,6,cocina,21,1,1,1
2026-09-27,6,cocina,22,1,1,1
2026-09-27,6,sala,13,2,2,2
2026-09-27,6,sala,14,2,2,3
2026-09-27,6,sala,15,2,2,3
2026-09-27,6,sala,16,2,2,3
2026-09-27,6,sala,17,1,2,2
2026-09-27,6,sala,18,1,2,2
2026-09-27,6,sala,19,1,1,2
2026-09-27,6,sala,20,2,1,2
2026-09-27,6,sala,21,1,1,2
2026-09-27,6,sala,22,1,1,1
2026-09-27,6,barra,13,1,1,1
2026-09-27,6,barra,14,2,1,2
2026-09-27,6,barra,15,2,1,2
2026-09-27,6,barra,16,1,1,2
2026-09-27,6,barra,17,1,1,1
2026-09-27,6,barra,18,1,1,1
2026-09-27,6,barra,19,1,1,1
2026-09-27,6,barra,20,1,1,1
2026-09-27,6,barra,21,1,1,1
2026-09-27,6,barra,22,1,1,1
2026-09-29,1,cocina,12,1,1,1
2026-09-29,1,cocina,13,1,1,1
2026-09-29,1,cocina,14,1,1,1
2026-09-29,1,cocina,15,1,1,1
2026-09-29,1,cocina,16,1,1,1
2026-09-29,1,cocina,17,1,2,1
2026-09-29,1,cocina,18,1,1,1
2026-09-29,1,cocina,19,1,1,1
2026-09-29,1,cocina,20,1,1,1
2026-09-29,1,cocina,21,1,1,1
2026-09-29,1,cocina,22,1,1,1
2026-09-29,1,cocina,23,1,1,1
2026-09-29,1,sala,13,1,1,1
2026-09-29,1,sala,14,1,1,1
2026-09-29,1,sala,15,1,1,1
2026-09-29,1,sala,16,1,1,1
2026-09-29,1,sala,17,1,1,1
2026-09-29,1,sala,18,1,2,1
2026-09-29,1,sala,19,1,2,1
2026-09-29,1,sala,20,2,2,2
2026-09-29,1,sala,21,2,2,2
2026-09-29,1,sala,22,2,2,2
2026-09-29,1,sala,23,1,2,1
2026-09-29,1,barra,13,1,1,1
2026-09-29,1,barra,14,1,1,1
2026-09-29,1,barra,15,1,1,1
2026-09-29,1,barra,16,1,1,1
2026-09-29,1,barra,17,1,1,1
2026-09-29,1,barra,18,1,1,1
2026-09-29,1,barra,19,1,1,1
2026-09-29,1,barra,20,1,1,1
2026-09-29,1,barra,21,1,1,1
2026-09-29,1,barra,22,1,1,1
2026-09-29,1,barra,23,1,1,1
2026-09-30,2,cocina,12,1,1,1
2026-09-30,2,cocina,13,1,1,1
2026-09-30,2,cocina,14,1,1,1
2026-09-30,2,cocina,15,1,1,1
2026-09-30,2,cocina,16,1,1,1
2026-09-30,2,cocina,17,1,2,1
2026-09-30,2,cocina,18,1,1,1
2026-09-30,2,cocina,19,1,1,1
2026-09-30,2,cocina,20,1,1,1
2026-09-30,2,cocina,21,1,1,1
2026-09-30,2,cocina,22,1,1,1
2026-09-30,2,cocina,23,1,1,1
2026-09-30,2,sala,13,1,1,1
2026-09-30,2,sala,14,1,1,1
2026-09-30,2,sala,15,1,1,1
2026-09-30,2,sala,16,1,1,1
2026-09-30,2,sala,17,1,1,1
2026-09-30,2,sala,18,1,2,1
2026-09-30,2,sala,19,1,2,2
2026-09-30,2,sala,20,2,2,2
2026-09-30,2,sala,21,2,2,2
2026-09-30,2,sala,22,2,2,2
2026-09-30,2,sala,23,1,2,1
2026-09-30,2,barra,13,1,1,1
2026-09-30,2,barra,14,1,1,1
2026-09-30,2,barra,15,1,1,1
2026-09-30,2,barra,16,1,1,1
2026-09-30,2,barra,17,1,1,1
2026-09-30,2,barra,18,1,1,1
2026-09-30,2,barra,19,1,1,1
2026-09-30,2,barra,20,1,1,2
2026-09-30,2,barra,21,1,1,2
2026-09-30,2,barra,22,1,1,1
2026-09-30,2,barra,23,1,1,1
