date,role,start_hour,end_hour,n
2026-07-09,cocina,12,17,1
2026-07-09,cocina,17,23,1
2026-07-09,cocina,20,24,1
2026-07-09,sala,13,17,1
2026-07-09,sala,14,23,1
2026-07-09,sala,19,24,1
2026-07-09,sala,20,24,1
2026-07-09,barra,13,18,1
2026-07-09,barra,18,23,1
2026-07-09,barra,20,24,1
2026-07-10,cocina,12,20,1
2026-07-10,cocina,20,24,1
2026-07-10,cocina,20,25,1
2026-07-10,sala,13,17,1
2026-07-10,sala,14,23,1
2026-07-10,sala,19,25,1
2026-07-10,sala,20,24,1
2026-07-10,sala,20,25,1
2026-07-10,barra,13,22,1
2026-07-10,barra,19,25,1
2026-07-10,barra,21,25,1
2026-07-11,cocina,12,18,1
2026-07-11,cocina,18,22,1
2026-07-11,cocina,19,25,1
2026-07-11,cocina,21,25,1
2026-07-11,sala,13,17,1
2026-07-11,sala,14,22,1
2026-07-11,sala,18,23,1
2026-07-11,sala,19,25,1
2026-07-11,sala,20,25,1
2026-07-11,sala,21,25,1
2026-07-11,barra,13,20,1
2026-07-11,barra,19,23,1
2026-07-11,barra,20,25,2
2026-07-12,cocina,12,16,1
2026-07-12,cocina,14,23,1
2026-07-12,sala,13,17,1
2026-07-12,sala,13,22,1
2026-07-12,sala,14,23,1
2026-07-12,barra,13,17,1
2026-07-12,barra,14,23,1
2026-07-14,cocina,12,20,1
2026-07-14,cocina,20,24,1
2026-07-14,sala,13,22,1
2026-07-14,sala,20,24,1
2026-07-14,barra,13,20,1
2026-07-14,barra,20,24,1
2026-07-15,cocina,12,16,1
2026-07-15,cocina,16,24,1
2026-07-15,sala,13,17,1
2026-07-15,sala,17,23,1
2026-07-15,sala,20,24,1
2026-07-15,barra,13,19,1
2026-07-15,barra,19,24,1
2026-07-16,cocina,12,17,1
2026-07-16,cocina,17,22,1
2026-07-16,cocina,20,24,1
2026-07-16,sala,13,22,1
2026-07-16,sala,19,24,1
2026-07-16,sala,20,24,1
2026-07-16,barra,13,18,1
2026-07-16,barra,18,23,1
2026-07-16,barra,20,24,1
2026-07-17,cocina,12,20,1
2026-07-17,cocina,20,24,1
2026-07-17,cocina,20,25,1
2026-07-17,sala,13,17,1
2026-07-17,sala,14,22,1
2026-07-17,sala,19,24,1
2026-07-17,sala,20,25,1
2026-07-17,sala,21,25,1
2026-07-17,barra,13,20,1
2026-07-17,barra,20,25,2
2026-07-18,cocina,12,20,1
2026-07-18,cocina,20,25,2
2026-07-18,sala,13,17,1
2026-07-18,sala,14,23,1
2026-07-18,sala,19,25,1
2026-07-18,sala,20,25,2
2026-07-18,barra,13,22,1
2026-07-18,barra,19,25,1
2026-07-18,barra,21,25,1
2026-07-19,cocina,12,16,1
2026-07-19,cocina,14,23,1
2026-07-19,sala,13,17,1
2026-07-19,sala,13,22,1
2026-07-19,sala,14,23,1
2026-07-19,barra,13,17,1
2026-07-19,barra,14,23,1
2026-07-21,cocina,12,20,1
2026-07-21,cocina,20,24,1
2026-07-21,sala,13,22,1
2026-07-21,sala,20,24,1
2026-07-21,barra,13,20,1
2026-07-21,barra,20,24,1
2026-07-22,cocina,12,20,1
2026-07-22,cocina,20,24,1
2026-07-22,sala,13,17,1
2026-07-22,sala,17,23,1
2026-07-22,sala,20,24,1
2026-07-22,barra,13,20,1
2026-07-22,barra,20,24,1
2026-07-23,cocina,12,18,1
2026-07-23,cocina,18,22,1
2026-07-23,cocina,20,24,1
2026-07-23,sala,13,22,1
2026-07-23,sala,19,24,1
2026-07-23,sala,20,24,1
2026-07-23,barra,13,17,1
2026-07-23,barra,17,23,1
2026-07-23,barra,20,24,1
2026-07-24,cocina,12,19,1
2026-07-24,cocina,19,25,1
2026-07-24,cocina,20,24,1
2026-07-24,sala,13,17,1
2026-07-24,sala,14,23,1
2026-07-24,sala,19,25,1
2026-07-24,sala,20,24,1
2026-07-24,sala,21,25,1
2026-07-24,barra,13,22,1
2026-07-24,barra,19,25,1
2026-07-24,barra,21,25,1
2026-07-25,cocina,12,21,1
2026-07-25,cocina,20,24,1
2026-07-25,cocina,21,25,1
2026-07-25,sala,13,17,1
2026-07-25,sala,14,22,1
2026-07-25,sala,19,25,1
2026-07-25,sala,20,24,1
2026-07-25,sala,21,25,1
2026-07-25,barra,13,21,1
2026-07-25,barra,20,25,1
2026-07-25,barra,21,25,1
2026-07-26,cocina,12,16,1
2026-07-26,cocina,14,23,1
2026-07-26,sala,13,17,2
2026-07-26,sala,14,21,1
2026-07-26,sala,19,23,1
2026-07-26,barra,13,17,1
2026-07-26,barra,14,23,1
2026-07-28,cocina,12,20,1
2026-07-28,cocina,20,24,1
2026-07-28,sala,13,17,1
2026-07-28,sala,17,23,1
2026-07-28,sala,20,24,1
2026-07-28,barra,13,18,1
2026-07-28,barra,18,24,1
2026-07-29,cocina,12,20,1
2026-07-29,cocina,20,24,1
2026-07-29,sala,13,17,1
2026-07-29,sala,17,23,1
2026-07-29,sala,20,24,1
2026-07-29,barra,13,19,1
2026-07-29,barra,19,24,1
2026-07-30,cocina,12,18,1
2026-07-30,cocina,18,22,1
2026-07-30,cocina,20,24,1
2026-07-30,sala,13,22,1
2026-07-30,sala,19,24,1
2026-07-30,sala,20,24,1
2026-07-30,barra,13,22,1
2026-07-30,barra,20,24,1
2026-07-31,cocina,12,16,1
2026-07-31,cocina,16,23,1
2026-07-31,cocina,20,25,1
2026-07-31,sala,13,22,1
2026-07-31,sala,19,23,1
2026-07-31,sala,20,25,1
2026-07-31,sala,21,25,1
2026-07-31,barra,13,17,1
2026-07-31,barra,17,24,1
2026-07-31,barra,20,25,1
2026-08-01,cocina,12,17,1
2026-08-01,cocina,17,23,1
2026-08-01,cocina,20,25,1
2026-08-01,sala,13,20,1
2026-08-01,sala,19,23,1
2026-08-01,sala,20,25,2
2026-08-01,barra,13,21,1
2026-08-01,barra,20,24,1
2026-08-01,barra,21,25,1
2026-08-02,cocina,12,17,1
2026-08-02,cocina,17,23,1
2026-08-02,sala,13,17,1
2026-08-02,sala,14,23,1
2026-08-02,barra,13,19,1
2026-08-02,barra,19,23,1
2026-08-04,cocina,12,20,1
2026-08-04,cocina,20,24,1
2026-08-04,sala,13,22,1
2026-08-04,sala,20,24,1
2026-08-04,barra,13,20,1
2026-08-04,barra,20,24,1
2026-08-05,cocina,12,18,1
2026-08-05,cocina,18,24,1
2026-08-05,sala,13,18,1
2026-08-05,sala,18,24,1
2026-08-05,sala,19,23,1
2026-08-05,barra,13,22,1
2026-08-05,barra,20,24,1
2026-08-06,cocina,12,18,1
2026-08-06,cocina,18,24,1
2026-08-06,sala,13,18,1
2026-08-06,sala,18,23,1
2026-08-06,sala,19,24,1
2026-08-06,barra,13,22,1
2026-08-06,barra,20,24,1
2026-08-07,cocina,12,16,1
2026-08-07,cocina,16,23,1
2026-08-07,cocina,20,25,1
2026-08-07,sala,13,21,1
2026-08-07,sala,19,23,1
2026-08-07,sala,20,25,1
2026-08-07,sala,21,25,1
2026-08-07,barra,13,18,1
2026-08-07,barra,18,23,1
2026-08-07,barra,20,25,1
2026-08-08,cocina,12,19,1
2026-08-08,cocina,19,23,1
2026-08-08,cocina,20,25,1
2026-08-08,sala,13,22,1
2026-08-08,sala,19,23,1
2026-08-08,sala,20,25,1
2026-08-08,sala,21,25,1
2026-08-08,barra,13,20,1
2026-08-08,barra,20,24,1
2026-08-08,barra,20,25,1
2026-08-09,cocina,12,19,1
2026-08-09,cocina,19,23,1
2026-08-09,sala,13,17,1
2026-08-09,sala,14,23,1
2026-08-09,barra,13,17,1
2026-08-09,barra,14,23,1
2026-08-11,cocina,12,16,1
2026-08-11,cocina,16,24,1
2026-08-11,sala,13,19,1
2026-08-11,sala,19,24,1
2026-08-11,barra,13,18,1
2026-08-11,barra,18,24,1
2026-08-12,cocina,12,19,1
2026-08-12,cocina,19,24,1
2026-08-12,sala,13,22,1
2026-08-12,sala,20,24,1
2026-08-12,barra,13,17,1
2026-08-12,barra,17,24,1
2026-08-13,cocina,12,16,1
2026-08-13,cocina,16,24,1
2026-08-13,sala,13,17,1
2026-08-13,sala,17,23,1
2026-08-13,sala,20,24,1
2026-08-13,barra,13,17,1
2026-08-13,barra,17,24,1
2026-08-14,cocina,12,18,1
2026-08-14,cocina,18,22,1
2026-08-14,cocina,21,25,1
2026-08-14,sala,13,22,1
2026-08-14,sala,19,25,1
2026-08-14,sala,21,25,1
2026-08-14,barra,13,18,1
2026-08-14,barra,18,23,1
2026-08-14,barra,20,25,1
2026-08-15,cocina,12,17,1
2026-08-15,cocina,17,22,1
2026-08-15,cocina,21,25,1
2026-08-15,sala,13,22,1
2026-08-15,sala,19,25,1
2026-08-15,sala,21,25,1
2026-08-15,barra,13,18,1
2026-08-15,barra,18,23,1
2026-08-15,barra,20,25,1
2026-08-16,cocina,12,16,1
2026-08-16,cocina,16,23,1
2026-08-16,sala,13,17,1
2026-08-16,sala,14,23,1
2026-08-16,barra,13,18,1
2026-08-16,barra,18,23,1
2026-08-18,cocina,12,19,1
2026-08-18,cocina,19,24,1
2026-08-18,sala,13,20,1
2026-08-18,sala,20,24,1
2026-08-18,barra,13,17,1
2026-08-18,barra,17,24,1
2026-08-19,cocina,12,17,1
2026-08-19,cocina,17,24,1
2026-08-19,sala,13,22,1
2026-08-19,sala,20,24,1
2026-08-19,barra,13,20,1
2026-08-19,barra,20,24,1
2026-08-20,cocina,12,16,1
2026-08-20,cocina,16,24,1
2026-08-20,sala,13,19,1
2026-08-20,sala,19,23,1
2026-08-20,sala,20,24,1
2026-08-20,barra,13,20,1
2026-08-20,barra,20,24,1
2026-08-21,cocina,12,19,1
2026-08-21,cocina,19,23,1
2026-08-21,cocina,21,25,1
2026-08-21,sala,13,20,1
2026-08-21,sala,19,23,1
2026-08-21,sala,20,25,1
2026-08-21,sala,21,25,1
2026-08-21,barra,13,18,1
2026-08-21,barra,18,23,1
2026-08-21,barra,20,25,1
2026-08-22,cocina,12,17,1
2026-08-22,cocina,17,23,1
2026-08-22,cocina,20,25,1
2026-08-22,sala,13,20,1
2026-08-22,sala,19,23,1
2026-08-22,sala,20,25,2
2026-08-22,barra,13,18,1
2026-08-22,barra,18,23,1
2026-08-22,barra,20,25,1
2026-08-23,cocina,12,19,1
2026-08-23,cocina,19,23,1
2026-08-23,sala,13,17,1
2026-08-23,sala,14,23,1
2026-08-23,barra,13,17,1
2026-08-23,barra,17,23,1
2026-08-25,cocina,12,19,1
2026-08-25,cocina,19,24,1
2026-08-25,sala,13,19,1
2026-08-25,sala,19,24,1
2026-08-25,barra,13,17,1
2026-08-25,barra,17,24,1
2026-08-26,cocina,12,19,1
2026-08-26,cocina,19,24,1
2026-08-26,sala,13,22,1
2026-08-26,sala,20,24,1
2026-08-26,barra,13,19,1
2026-08-26,barra,19,24,1
2026-08-27,cocina,12,19,1
2026-08-27,cocina,19,24,1
2026-08-27,sala,13,18,1
2026-08-27,sala,18,23,1
2026-08-27,sala,20,24,1
2026-08-27,barra,13,17,1
2026-08-27,barra,17,24,1
2026-08-28,cocina,12,17,1
2026-08-28,cocina,17,22,1
2026-08-28,cocina,21,25,1
2026-08-28,sala,13,22,1
2026-08-28,sala,19,25,1
2026-08-28,sala,21,25,1
2026-08-28,barra,13,18,1
2026-08-28,barra,18,23,1
2026-08-28,barra,20,25,1
2026-08-29,cocina,12,19,1
2026-08-29,cocina,19,23,1
2026-08-29,cocina,20,25,1
2026-08-29,sala,13,20,1
2026-08-29,sala,19,23,1
2026-08-29,sala,20,25,2
2026-08-29,barra,13,18,1
2026-08-29,barra,18,25,1
2026-08-29,barra,20,24,1
2026-08-30,cocina,12,19,1
2026-08-30,cocina,19,23,1
2026-08-30,sala,13,17,1
2026-08-30,sala,14,23,1
2026-08-30,barra,13,17,1
2026-08-30,barra,17,23,1
2026-09-01,cocina,12,20,1
2026-09-01,cocina,20,24,1
2026-09-01,sala,13,22,1
2026-09-01,sala,20,24,1
2026-09-01,barra,13,20,1
2026-09-01,barra,20,24,1
2026-09-02,cocina,12,18,1
2026-09-02,cocina,18,22,1
2026-09-02,cocina,20,24,1
2026-09-02,sala,13,22,1
2026-09-02,sala,19,24,1
2026-09-02,sala,20,24,1
2026-09-02,barra,13,22,1
2026-09-02,barra,20,24,1
2026-09-03,cocina,12,17,1
2026-09-03,cocina,17,22,1
2026-09-03,cocina,20,24,1
2026-09-03,sala,13,22,1
2026-09-03,sala,19,24,1
2026-09-03,sala,20,24,1
2026-09-03,barra,13,19,1
2026-09-03,barra,19,23,1
2026-09-03,barra,20,24,1
2026-09-04,cocina,12,19,1
2026-09-04,cocina,19,23,1
2026-09-04,cocina,20,25,1
2026-09-04,sala,13,20,1
2026-09-04,sala,19,23,1
2026-09-04,sala,20,25,2
2026-09-04,barra,13,17,1
2026-09-04,barra,17,25,1
2026-09-04,barra,20,24,1
2026-09-05,cocina,12,16,1
2026-09-05,cocina,16,25,1
2026-09-05,cocina,20,24,1
2026-09-05,sala,13,22,1
2026-09-05,sala,19,24,1
2026-09-05,sala,20,25,1
2026-09-05,sala,21,25,1
2026-09-05,barra,13,17,1
2026-09-05,barra,17,25,1
2026-09-05,barra,20,24,1
2026-09-06,cocina,12,18,1
2026-09-06,cocina,18,23,1
2026-09-06,sala,13,17,1
2026-09-06,sala,13,21,1
2026-09-06,sala,19,23,1
2026-09-06,barra,13,17,1
2026-09-06,barra,14,23,1
2026-09-08,cocina,12,20,1
2026-09-08,cocina,20,24,1
2026-09-08,sala,13,19,1
2026-09-08,sala,19,23,1
2026-09-08,sala,20,24,1
2026-09-08,barra,13,19,1
2026-09-08,barra,19,24,1
2026-09-09,cocina,12,20,1
2026-09-09,cocina,20,24,1
2026-09-09,sala,13,19,1
2026-09-09,sala,19,23,1
2026-09-09,sala,20,24,1
2026-09-09,barra,13,20,1
2026-09-09,barra,20,24,1
2026-09-10,cocina,12,19,1
2026-09-10,cocina,19,23,1
2026-09-10,cocina,20,24,1
2026-09-10,sala,13,17,1
2026-09-10,sala,14,23,1
2026-09-10,sala,19,24,1
2026-09-10,sala,20,24,1
2026-09-10,barra,13,19,1
2026-09-10,barra,19,23,1
2026-09-10,barra,20,24,1
2026-09-11,cocina,12,17,1
2026-09-11,cocina,17,23,1
2026-09-11,cocina,20,25,1
2026-09-11,sala,13,21,1
2026-09-11,sala,19,23,1
2026-09-11,sala,20,25,1
2026-09-11,sala,21,25,1
2026-09-11,barra,13,21,1
2026-09-11,barra,20,24,1
2026-09-11,barra,21,25,1
2026-09-12,cocina,12,20,1
2026-09-12,cocina,20,24,1
2026-09-12,cocina,20,25,1
2026-09-12,sala,13,17,1
2026-09-12,sala,14,22,1
2026-09-12,sala,19,24,1
2026-09-12,sala,20,25,1
2026-09-12,sala,21,25,1
2026-09-12,barra,13,20,1
2026-09-12,barra,20,25,2
2026-09-13,cocina,12,16,1
2026-09-13,cocina,14,23,1
2026-09-13,sala,13,17,2
2026-09-13,sala,14,21,1
2026-09-13,sala,19,23,1
2026-09-13,barra,13,17,1
2026-09-13,barra,14,23,1
2026-09-15,cocina,12,16,1
2026-09-15,cocina,16,24,1
2026-09-15,sala,13,17,1
2026-09-15,sala,17,23,1
2026-09-15,sala,20,24,1
2026-09-15,barra,13,17,1
2026-09-15,barra,17,24,1
2026-09-16,cocina,12,20,1
2026-09-16,cocina,20,24,1
2026-09-16,sala,13,18,1
2026-09-16,sala,18,24,1
2026-09-16,sala,19,23,1
2026-09-16,barra,13,22,1
2026-09-16,barra,20,24,1
2026-09-17,cocina,12,17,1
2026-09-17,cocina,17,23,1
2026-09-17,cocina,20,24,1
2026-09-17,sala,13,17,1
2026-09-17,sala,14,23,1
2026-09-17,sala,19,24,1
2026-09-17,sala,20,24,1
2026-09-17,barra,13,18,1
2026-09-17,barra,18,23,1
2026-09-17,barra,20,24,1
2026-09-18,cocina,12,17,1
2026-09-18,cocina,17,23,1
2026-09-18,cocina,20,25,1
2026-09-18,sala,13,22,1
2026-09-18,sala,19,23,1
2026-09-18,sala,20,25,1
2026-09-18,sala,21,25,1
2026-09-18,barra,13,19,1
2026-09-18,barra,19,25,1
2026-09-18,barra,20,24,1
2026-09-19,cocina,12,20,1
2026-09-19,cocina,20,24,1
2026-09-19,cocina,20,25,1
2026-09-19,sala,13,17,1
2026-09-19,sala,14,23,1
2026-09-19,sala,19,24,1
2026-09-19,sala,20,25,2
2026-09-19,barra,13,22,1
2026-09-19,barra,19,25,1
2026-09-19,barra,21,25,1
2026-09-20,cocina,12,16,1
2026-09-20,cocina,14,23,1
2026-09-20,sala,13,17,2
2026-09-20,sala,14,22,1
2026-09-20,sala,19,23,1
2026-09-20,barra,13,17,1
2026-09-20,barra,14,23,1
2026-09-22,cocina,12,20,1
2026-09-22,cocina,20,24,1
2026-09-22,sala,13,19,1
2026-09-22,sala,19,23,1
2026-09-22,sala,20,24,1
2026-09-22,barra,13,20,1
2026-09-22,barra,20,24,1
2026-09-23,cocina,12,17,1
2026-09-23,cocina,17,24,1
2026-09-23,sala,13,18,1
2026-09-23,sala,18,24,1
2026-09-23,sala,19,23,1
2026-09-23,barra,13,22,1
2026-09-23,barra,20,24,1
2026-09-24,cocina,12,18,1
2026-09-24,cocina,18,23,1
2026-09-24,cocina,20,24,1
2026-09-24,sala,13,17,1
2026-09-24,sala,14,23,1
2026-09-24,sala,19,24,1
2026-09-24,sala,20,24,1
2026-09-24,barra,13,19,1
2026-09-24,barra,19,23,1
2026-09-24,barra,20,24,1
2026-09-25,cocina,12,21,1
2026-09-25,cocina,20,24,1
2026-09-25,cocina,21,25,1
2026-09-25,sala,13,17,1
2026-09-25,sala,14,23,1
2026-09-25,sala,19,24,1
2026-09-25,sala,20,25,1
2026-09-25,sala,21,25,1
2026-09-25,barra,13,22,1
2026-09-25,barra,19,25,1
2026-09-25,barra,21,25,1
2026-09-26,cocina,12,18,1
2026-09-26,cocina,18,25,1
2026-09-26,cocina,20,25,1
2026-09-26,sala,13,17,1
2026-09-26,sala,14,23,1
2026-09-26,sala,19,25,1
2026-09-26,sala,20,25,2
2026-09-26,barra,13,22,1
2026-09-26,barra,19,25,1
2026-09-26,barra,21,25,1
2026-09-27,cocina,12,16,1
2026-09-27,cocina,14,23,1
2026-09-27,sala,13,17,1
2026-09-27,sala,13,22,1
2026-09-27,sala,14,23,1
2026-09-27,barra,13,17,1
2026-09-27,barra,14,23,1
2026-09-29,cocina,12,18,1
2026-09-29,cocina,18,24,1
2026-09-29,sala,13,19,1
2026-09-29,sala,19,23,1
2026-09-29,sala,20,24,1
2026-09-29,barra,13,17,1
2026-09-29,barra,17,24,1
2026-09-30,cocina,12,16,1
2026-09-30,cocina,16,24,1
2026-09-30,sala,13,19,1
2026-09-30,sala,19,23,1
2026-09-30,sala,19,24,1
2026-09-30,barra,13,22,1
2026-09-30,barra,20,24,1
